temperature,humidity,light_level,ac_action,blinds_action
22.06,37.09,873,off,lower
30.1,54.16,315,cool,keep
32.64,44.55,345,cool,keep
20.18,68.3,219,off,raise
9.71,54.51,787,heat,lower
20.43,39.04,804,off,lower
16.3,74.47,214,heat,raise
26.81,71.06,757,cool,lower
17.68,78.69,496,heat,keep
21.63,60.21,146,off,raise
15.31,59.34,824,heat,lower
20.87,64.53,18,off,raise
23.18,40.83,876,off,lower
26.15,58.25,41,cool,raise
29.59,51.26,322,off,keep
18.76,36.72,256,off,raise
15.78,56.84,184,heat,raise
23.68,46.87,472,off,keep
23.76,49.34,780,off,lower
32.43,61.7,420,cool,keep
21.1,73.54,540,off,keep
15.88,45.2,999,heat,lower
31.63,49.53,480,cool,keep
22.04,46.35,791,off,lower
30.81,39.79,451,off,keep
12.67,42.6,48,heat,raise
25.72,53.71,226,off,raise
11.24,62.86,178,heat,raise
24.02,59.28,901,off,lower
9.71,37.12,71,off,raise
27.84,72.24,910,cool,lower
15.69,70.44,134,heat,raise
25.52,41.44,161,off,raise
24.39,71.24,496,off,keep
15.82,61.49,108,heat,raise
15.56,55.0,22,heat,raise
30.37,60.15,760,cool,lower
17.75,56.62,63,heat,raise
28.05,61.17,624,cool,keep
20.06,58.96,82,off,raise
29.05,50.26,73,cool,raise
30.78,23.03,643,cool,keep
23.29,67.01,393,off,keep
22.1,49.86,0,off,lower
14.26,65.49,681,heat,keep
17.24,62.26,1008,heat,lower
31.48,48.05,581,cool,keep
26.63,68.03,403,cool,keep
21.78,57.17,860,heat,lower
18.88,56.69,361,off,keep
12.63,51.32,626,heat,keep
16.24,82.76,473,heat,keep
16.19,42.77,757,heat,lower
9.91,48.3,519,heat,keep
30.02,34.07,484,cool,keep
25.7,63.34,456,off,keep
22.15,48.32,326,off,keep
12.83,48.47,489,heat,keep
15.2,48.63,83,heat,raise
23.78,57.98,315,off,keep
11.46,35.57,70,heat,raise
11.84,24.3,310,heat,keep
21.44,60.61,359,heat,keep
16.46,21.11,45,heat,raise
15.69,68.56,316,cool,lower
20.3,78.67,697,off,keep
17.93,52.82,996,off,lower
29.16,76.52,628,cool,keep
24.87,54.85,759,off,lower
22.71,79.61,645,off,keep
21.25,50.88,950,off,lower
21.86,20.06,973,off,lower
19.1,54.79,154,off,raise
25.45,77.78,475,off,keep
28.24,70.46,922,cool,lower
12.66,44.09,869,heat,lower
25.64,58.85,533,off,lower
17.57,68.43,471,heat,keep
27.74,57.93,98,cool,raise
12.27,93.19,481,heat,keep
29.19,48.12,498,cool,keep
33.74,68.91,649,cool,raise
26.66,64.35,493,off,keep
30.29,45.64,251,cool,raise
16.48,47.2,960,heat,lower
16.96,70.69,229,heat,raise
15.28,58.43,398,off,keep
11.34,63.88,537,off,keep
13.34,27.94,306,heat,keep
19.26,64.53,70,off,raise
17.82,59.09,635,heat,keep
19.86,54.04,262,off,raise
26.46,65.55,944,cool,lower
27.02,48.52,784,cool,lower
19.9,41.08,392,off,keep
26.08,50.97,435,cool,keep
32.15,47.8,926,cool,lower
26.21,87.23,0,cool,raise
11.98,67.24,353,heat,keep
24.74,37.83,51,off,raise
11.7,89.86,162,heat,raise
22.17,49.14,956,off,lower
19.92,55.06,87,off,raise
15.86,72.72,965,heat,lower
21.08,23.71,852,off,lower
32.69,52.65,670,cool,keep
23.79,43.9,763,off,lower
22.42,59.58,192,off,raise
19.0,58.28,112,off,raise
24.06,54.78,426,cool,keep
14.61,57.05,777,heat,lower
19.37,71.16,315,off,keep
27.88,55.14,137,off,raise
18.91,55.69,788,off,keep
20.49,58.18,635,off,keep
17.77,84.34,561,heat,keep
26.73,60.54,402,cool,keep
16.69,50.33,799,heat,lower
27.18,26.1,736,off,keep
22.34,32.17,341,off,keep
34.07,45.76,103,cool,raise
20.87,52.29,885,off,lower
29.67,47.62,142,cool,raise
29.93,57.57,434,cool,keep
30.39,44.62,896,cool,lower
15.63,42.41,423,heat,keep
27.21,62.9,842,cool,lower
25.3,76.28,473,off,keep
25.91,36.76,764,off,lower
16.64,59.23,651,heat,keep
21.16,24.88,282,cool,raise
28.8,29.08,878,cool,lower
8.95,48.08,514,heat,keep
22.83,70.63,499,off,keep
21.41,42.82,709,off,lower
29.61,41.38,950,cool,lower
26.87,56.63,872,cool,lower
34.09,56.22,380,cool,keep
34.32,44.31,264,cool,raise
25.4,83.69,372,off,keep
28.94,50.92,244,off,raise
14.17,57.54,238,heat,raise
19.11,52.06,440,off,keep
18.2,62.21,0,off,raise
16.12,71.52,527,heat,keep
23.97,80.49,863,off,lower
12.25,43.24,450,heat,keep
20.55,67.51,61,off,raise
21.45,59.55,402,off,keep
14.02,69.49,338,heat,keep
29.49,53.66,550,cool,keep
21.68,51.6,269,off,raise
30.82,70.8,296,cool,raise
34.77,67.45,730,cool,keep
27.56,75.71,160,cool,raise
14.5,56.33,959,heat,lower
26.56,52.18,305,cool,keep
15.57,20.0,852,heat,lower
21.49,29.24,93,off,raise
25.14,44.8,297,off,raise
13.18,33.35,312,heat,keep
27.76,67.46,469,cool,keep
23.03,33.09,109,off,raise
34.73,43.47,246,cool,raise
19.35,49.32,914,off,lower
21.04,76.16,920,off,lower
31.13,45.69,442,cool,keep
27.39,62.32,97,cool,raise
13.07,58.49,299,heat,raise
19.09,63.92,951,off,lower
30.91,69.53,991,cool,lower
23.71,56.98,820,off,lower
26.43,33.23,902,cool,lower
25.58,50.65,715,off,keep
32.11,52.43,671,cool,keep
11.98,62.01,824,heat,raise
21.07,44.93,652,off,keep
29.02,73.86,353,cool,keep
31.27,53.91,687,cool,keep
27.61,41.74,309,cool,keep
21.73,46.02,616,off,keep
23.25,83.92,391,off,keep
30.11,64.27,480,cool,keep
30.9,75.41,188,cool,raise
17.1,40.47,960,heat,lower
17.56,40.36,773,heat,lower
18.38,44.78,64,off,raise
15.62,58.5,457,heat,keep
28.41,51.44,445,cool,keep
23.27,45.45,902,off,lower
28.95,50.86,735,cool,keep
15.8,41.17,876,heat,keep
26.63,53.45,496,cool,keep
24.04,69.61,181,off,raise
14.9,31.24,674,heat,keep
15.1,62.11,209,heat,raise
17.57,76.68,682,heat,keep
31.46,52.32,429,cool,keep
35.76,47.01,368,cool,keep
21.07,69.04,135,off,raise
19.18,38.65,795,off,lower
19.35,51.63,710,off,keep
21.34,40.54,361,off,keep
15.19,30.01,757,heat,lower
16.53,53.93,1000,heat,lower
20.18,36.56,736,off,keep
7.59,52.41,943,heat,lower
28.2,73.48,496,cool,keep
27.15,83.78,349,cool,keep
15.38,57.92,842,heat,lower
23.27,72.36,695,off,keep
20.06,64.16,627,off,keep
24.96,47.02,644,off,keep
20.67,23.55,974,off,lower
25.74,79.69,701,off,keep
24.11,37.42,819,off,lower
25.88,73.55,48,off,raise
15.58,65.49,726,heat,keep
15.23,38.34,281,heat,raise
17.43,59.66,91,heat,raise
22.6,83.73,272,off,raise
13.4,78.16,854,heat,lower
16.9,49.67,807,off,lower
30.21,46.75,293,cool,raise
32.44,58.59,215,cool,keep
22.55,52.36,455,off,keep
26.61,75.22,345,cool,keep
19.42,66.95,465,off,keep
25.1,28.74,786,off,lower
22.72,62.64,352,off,raise
24.76,54.08,169,off,raise
22.97,52.9,134,off,raise
18.9,56.61,725,off,keep
30.52,72.69,214,cool,raise
23.05,67.22,211,off,raise
20.73,41.28,811,off,lower
18.91,53.28,53,off,raise
29.37,50.26,665,cool,keep
9.72,31.72,8,heat,raise
10.92,54.0,930,heat,lower
28.79,83.03,789,cool,lower
26.31,33.49,853,cool,lower
24.51,53.56,660,off,keep
27.16,54.64,462,cool,keep
33.61,58.14,1006,cool,lower
30.15,37.98,825,cool,lower
28.18,35.99,92,cool,raise
9.88,33.71,578,cool,keep
16.44,76.35,546,heat,raise
12.36,39.77,328,heat,keep
11.86,50.0,488,heat,keep
32.57,84.58,994,cool,lower
19.65,46.31,36,off,raise
15.33,61.92,957,heat,lower
32.67,67.37,685,cool,raise
9.55,69.2,127,heat,raise
20.0,37.07,294,off,raise
20.36,47.57,843,off,lower
23.48,60.97,704,off,keep
9.28,83.14,104,heat,raise
22.42,41.64,105,off,raise
30.23,48.73,969,cool,lower
20.83,60.44,169,off,raise
24.96,63.53,637,off,keep
20.55,64.76,1007,off,lower
12.5,44.07,182,heat,raise
33.75,50.63,33,cool,raise
14.58,60.29,824,heat,lower
20.62,73.95,973,off,lower
17.48,49.62,570,heat,keep
21.88,56.0,200,off,raise
30.29,42.94,72,cool,raise
14.42,84.96,929,heat,lower
26.44,57.73,811,cool,lower
13.14,70.19,878,heat,keep
33.36,56.14,763,cool,lower
19.53,58.59,451,off,keep
22.07,32.96,461,off,keep
27.33,22.53,416,cool,keep
17.61,72.4,722,heat,keep
27.2,61.35,115,cool,raise
26.25,56.31,26,off,raise
24.97,34.3,968,off,lower
17.41,41.78,302,heat,keep
30.94,70.53,45,cool,keep
20.56,83.15,706,off,lower
22.22,47.8,400,off,keep
15.94,62.64,250,heat,raise
29.45,56.34,444,cool,keep
29.27,51.44,427,cool,keep
12.9,84.35,635,heat,keep
26.0,49.06,946,cool,lower
25.44,72.87,836,off,lower
29.66,61.15,836,cool,lower
12.32,52.49,461,heat,keep
20.58,74.1,540,off,keep
21.24,56.75,128,off,raise
13.82,53.84,588,heat,keep
25.26,75.98,666,off,keep
31.66,71.77,921,cool,lower
17.71,73.87,44,cool,raise
18.78,20.0,872,off,lower
35.14,59.54,531,cool,keep
8.45,57.53,120,heat,raise
13.38,55.5,965,heat,lower
30.03,64.13,508,cool,keep
13.92,56.16,405,heat,keep
21.98,64.29,175,off,raise
26.79,50.03,64,cool,raise
25.44,77.13,62,off,raise
26.36,66.43,246,cool,raise
14.35,66.27,320,cool,keep
20.83,61.99,477,off,keep
27.8,68.92,577,cool,keep
23.89,70.51,1023,off,lower
10.53,56.8,826,heat,lower
29.26,69.52,459,cool,keep
13.05,56.73,938,heat,lower
22.96,83.14,586,off,keep
30.9,72.63,392,cool,raise
12.82,45.0,229,heat,raise
25.29,86.93,415,off,keep
22.01,22.13,54,off,raise
17.93,64.43,132,heat,raise
33.76,45.63,993,cool,lower
26.56,82.07,192,cool,raise
13.58,58.2,564,heat,keep
24.97,43.18,85,off,raise
14.27,49.45,636,off,keep
16.47,44.11,980,heat,lower
24.17,51.35,494,off,keep
30.93,47.7,135,off,raise
18.64,44.35,0,off,raise
29.77,56.87,774,cool,lower
14.46,58.73,106,heat,raise
9.68,38.73,289,heat,raise
23.11,32.86,863,off,lower
30.37,56.23,563,cool,raise
26.59,62.05,921,cool,lower
26.09,65.9,920,cool,lower
20.46,65.6,736,off,keep
20.02,82.49,958,off,keep
34.18,69.11,50,cool,raise
25.72,95.0,229,off,raise
21.39,95.0,330,off,keep
29.67,28.43,910,cool,lower
21.5,22.59,681,off,keep
20.7,51.72,300,off,keep
17.42,62.47,193,heat,raise
32.8,54.76,849,cool,lower
12.56,63.83,890,heat,lower
15.11,51.86,4,heat,raise
12.61,41.13,370,heat,keep
18.47,47.04,554,off,keep
9.69,54.68,249,heat,raise
11.8,67.22,780,heat,lower
33.55,45.74,790,cool,lower
25.34,47.82,839,off,lower
19.07,64.33,822,off,lower
28.36,53.87,817,heat,lower
33.85,71.64,364,cool,keep
22.6,40.28,298,off,raise
12.52,34.09,339,heat,lower
20.02,59.82,917,off,lower
22.84,59.69,669,off,keep
12.14,40.76,321,heat,keep
12.5,78.39,720,heat,keep
18.29,80.27,259,off,raise
19.98,42.25,267,off,raise
19.85,77.77,0,off,raise
14.17,20.0,1012,heat,lower
29.59,70.1,270,cool,raise
31.33,42.68,746,cool,keep
28.23,70.15,83,cool,raise
15.12,38.63,33,heat,raise
20.19,52.79,662,off,keep
17.49,42.95,68,heat,raise
24.68,52.13,121,off,raise
30.59,83.42,364,cool,keep
11.55,52.21,615,heat,keep
22.86,87.35,79,off,raise
17.79,51.11,112,heat,raise
27.13,77.47,379,cool,keep
16.08,30.41,733,heat,keep
23.07,50.23,85,off,raise
18.57,45.72,288,off,raise
29.39,76.19,182,cool,raise
19.86,57.18,322,off,keep
11.35,24.58,288,heat,raise
28.99,33.57,645,cool,keep
28.05,39.66,89,cool,raise
18.64,68.63,992,off,lower
27.57,70.63,287,cool,raise
14.83,51.94,985,heat,lower
15.62,48.19,744,heat,keep
17.28,67.59,382,heat,keep
23.47,36.97,281,off,raise
22.89,64.62,936,off,lower
20.6,60.91,1019,off,lower
15.32,50.79,616,heat,keep
15.03,58.54,43,heat,raise
28.22,55.73,916,cool,lower
30.68,58.93,541,cool,keep
17.91,34.49,16,heat,raise
23.12,63.06,835,cool,lower
12.26,69.6,45,heat,raise
21.73,57.04,337,off,keep
30.05,65.43,112,cool,raise
14.68,54.54,462,heat,keep
28.71,71.75,826,cool,lower
18.75,59.3,158,off,raise
16.96,38.09,139,heat,raise
24.39,69.35,1001,off,lower
20.27,31.01,133,off,raise
17.59,58.39,135,heat,raise
30.68,48.68,603,cool,keep
16.9,49.56,287,heat,raise
20.51,65.76,958,off,lower
24.76,46.69,161,off,raise
22.13,63.18,573,off,keep
15.12,56.82,913,heat,lower
24.92,46.69,758,off,lower
11.77,74.89,68,cool,raise
30.7,59.58,156,cool,raise
17.49,64.15,140,heat,raise
13.71,74.23,925,heat,lower
16.89,76.97,192,heat,raise
30.62,64.93,58,cool,raise
19.93,50.17,393,off,keep
17.57,34.17,293,heat,raise
21.49,60.02,138,off,raise
16.39,71.32,491,heat,keep
28.28,59.42,924,cool,lower
20.2,20.0,245,off,raise
23.97,67.54,1023,off,lower
22.83,72.04,630,off,keep
20.95,50.08,406,off,keep
20.17,70.54,690,off,keep
24.71,63.77,381,off,keep
13.53,43.9,195,heat,raise
19.78,72.31,263,off,raise
22.73,36.19,0,off,raise
20.39,53.11,674,off,keep
14.9,55.19,83,heat,raise
19.12,42.4,199,off,raise
15.79,59.47,0,heat,raise
12.63,74.3,56,heat,raise
29.39,74.46,950,cool,lower
9.9,68.84,61,heat,raise
21.5,27.48,684,cool,keep
19.22,35.52,348,off,keep
12.89,54.35,147,heat,raise
31.91,56.93,317,cool,keep
19.28,47.31,142,off,raise
27.96,80.59,333,cool,keep
16.72,54.04,839,heat,lower
12.2,64.76,628,heat,keep
33.69,66.49,826,cool,lower
28.29,56.38,722,cool,keep
19.78,93.01,930,off,lower
27.58,40.5,94,cool,raise
13.18,44.56,161,heat,raise
19.35,38.95,409,off,keep
14.92,77.47,548,heat,keep
19.71,68.18,818,off,lower
15.46,46.25,130,cool,raise
23.51,42.88,125,off,raise
17.17,75.29,816,heat,lower
37.69,61.65,467,cool,keep
5.64,76.99,400,heat,keep
14.11,53.02,244,heat,raise
24.51,60.77,691,off,keep
22.37,61.41,842,off,lower
20.57,44.01,53,off,raise
17.46,53.84,48,heat,raise
14.01,37.3,781,heat,lower
17.41,61.49,905,heat,lower
18.85,67.28,232,off,raise
31.41,72.59,737,cool,keep
16.3,66.25,804,heat,lower
22.71,53.34,96,off,raise
30.87,81.52,164,cool,raise
13.77,65.04,70,heat,raise
28.06,73.6,796,cool,lower
21.79,75.84,751,off,lower
25.69,55.95,127,off,raise
27.61,62.7,165,cool,raise
27.96,63.19,690,cool,keep
26.99,36.89,911,cool,lower
31.34,35.45,754,cool,lower
33.14,35.43,179,cool,raise
19.26,55.18,455,off,keep
23.35,51.95,94,off,raise
18.36,34.0,266,off,raise
28.16,56.39,571,cool,keep
30.31,53.37,339,cool,keep
27.05,74.1,606,cool,keep
28.53,89.89,309,cool,keep
18.65,59.48,548,off,keep
25.1,47.73,653,heat,keep
10.84,65.19,182,heat,raise
33.73,56.78,2,cool,raise
33.74,51.77,329,cool,keep
18.49,44.88,73,off,raise
23.32,48.7,166,off,lower
26.03,51.04,205,cool,raise
15.94,67.96,329,heat,keep
23.64,64.92,305,off,keep
23.24,82.38,46,off,raise
25.67,60.97,194,off,keep
22.81,61.13,893,off,lower
16.15,50.6,738,heat,keep
25.65,39.35,454,off,keep
18.4,45.46,7,off,raise
9.6,47.15,380,off,keep
27.52,20.0,984,cool,lower
30.57,40.06,838,cool,lower
28.28,79.25,777,off,lower
31.56,64.72,232,cool,raise
13.17,49.32,435,heat,keep
26.58,61.87,16,cool,raise
23.77,25.95,893,off,lower
12.06,59.42,134,heat,raise
14.14,77.69,656,heat,keep
25.91,50.96,313,cool,keep
27.7,27.09,607,cool,keep
24.41,50.3,815,off,lower
24.06,74.7,298,off,raise
24.32,58.31,0,off,raise
11.13,33.58,643,heat,keep
27.65,92.34,582,cool,keep
14.88,37.16,118,heat,raise
18.08,49.93,20,off,raise
27.93,39.91,535,cool,keep
16.14,39.36,609,heat,keep
18.36,49.16,174,off,raise
29.98,63.9,606,cool,keep
21.54,71.94,466,off,keep
31.08,50.55,120,cool,raise
17.13,40.95,589,heat,lower
10.9,65.01,642,heat,keep
25.82,59.99,141,off,raise
13.31,58.46,670,heat,keep
28.42,58.68,186,cool,lower
23.27,52.52,614,off,keep
27.17,53.39,823,cool,lower
13.56,50.14,920,heat,lower
14.21,71.59,263,heat,raise
14.34,87.43,365,heat,keep
23.11,56.04,126,off,raise
26.04,57.76,931,cool,lower
21.34,63.59,319,cool,keep
22.44,45.02,786,off,lower
23.15,63.47,940,off,lower
15.97,62.41,521,heat,keep
19.96,44.52,691,off,keep
21.53,65.83,471,off,keep
21.96,56.11,568,off,keep
29.86,37.68,295,cool,raise
14.98,59.68,802,heat,lower
31.57,55.59,111,cool,raise
14.63,69.52,654,heat,keep
24.46,69.72,898,off,lower
26.17,52.14,857,cool,lower
19.87,47.88,730,off,keep
21.5,53.39,660,off,keep
22.97,58.96,966,heat,lower
18.62,60.59,866,off,lower
34.85,61.09,237,cool,raise
22.82,50.81,633,off,keep
23.08,69.29,418,off,lower
29.49,45.71,291,cool,raise
21.26,94.01,849,off,lower
24.67,67.33,90,off,raise
32.29,37.94,133,cool,raise
24.43,56.64,121,off,raise
33.38,68.44,197,cool,raise
20.95,48.03,566,cool,keep
11.93,30.87,964,off,lower
18.64,42.12,992,off,lower
26.41,63.85,934,cool,lower
12.83,29.47,760,off,lower
19.98,34.46,457,off,raise
28.6,62.86,807,cool,lower
20.48,48.79,292,off,raise
15.89,45.07,693,heat,keep
20.62,47.54,5,off,raise
14.35,31.22,931,heat,lower
9.33,60.09,1018,heat,lower
21.63,42.81,725,off,keep
27.77,44.25,178,cool,raise
15.69,59.91,191,heat,raise
12.4,50.62,775,heat,lower
30.67,44.19,491,cool,keep
32.45,25.96,541,cool,keep
33.52,61.76,410,cool,keep
13.66,54.76,870,heat,lower
21.77,48.98,228,cool,raise
25.56,39.0,413,off,keep
15.97,58.7,205,heat,raise
30.4,61.04,713,cool,keep
17.1,53.24,273,heat,raise
19.66,81.24,326,off,keep
25.8,66.42,172,off,raise
29.66,55.79,906,cool,keep
25.51,66.69,215,off,lower
15.66,60.41,902,heat,lower
30.97,55.3,914,cool,lower
25.19,76.54,1023,off,lower
26.6,40.48,308,cool,keep
27.31,56.33,652,cool,keep
33.35,74.2,811,cool,lower
20.55,61.3,100,off,raise
12.79,51.02,78,heat,raise
26.63,22.93,180,cool,raise
16.47,20.81,1023,heat,lower
26.82,84.99,74,cool,raise
18.68,58.87,792,off,lower
14.21,45.67,874,heat,lower
20.6,62.2,921,off,lower
12.38,41.19,563,heat,lower
20.21,49.02,534,off,keep
6.88,37.95,768,heat,lower
17.85,36.87,642,heat,keep
7.77,22.13,758,heat,lower
30.63,30.77,365,cool,keep
21.64,74.6,933,off,lower
13.5,38.96,476,heat,keep
21.02,62.47,219,off,raise
33.93,69.81,798,cool,lower
14.64,52.04,630,heat,keep
17.5,47.08,61,heat,raise
9.12,56.03,135,heat,raise
13.85,47.86,29,heat,raise
8.98,73.33,572,heat,keep
35.62,81.19,947,cool,lower
16.28,77.62,312,heat,lower
29.61,20.0,140,cool,raise
28.09,48.3,900,cool,lower
26.7,55.78,766,cool,lower
30.05,62.6,543,cool,keep
28.57,28.76,249,cool,raise
15.34,27.53,738,heat,keep
26.58,74.22,383,cool,raise
18.68,49.08,238,off,raise
14.8,31.49,278,heat,raise
22.42,40.4,73,off,raise
29.93,63.13,503,cool,keep
19.28,39.19,775,off,lower
20.13,58.37,812,off,lower
11.06,38.36,741,heat,keep
15.93,25.83,924,heat,lower
10.85,77.95,1006,heat,lower
17.38,61.92,216,cool,raise
13.09,50.52,440,heat,keep
22.1,45.01,308,off,keep
16.93,77.39,684,heat,keep
31.47,61.25,848,cool,lower
31.75,72.36,926,cool,lower
28.77,44.92,73,cool,raise
16.52,57.86,501,heat,keep
23.76,60.31,137,off,raise
23.44,47.21,326,off,keep
17.33,54.03,470,heat,keep
16.31,46.09,654,heat,keep
20.63,61.2,820,off,lower
31.35,35.79,1012,cool,lower
21.46,61.79,335,off,keep
23.77,60.47,581,cool,keep
22.29,53.68,84,off,raise
25.23,62.54,119,off,raise
16.83,48.82,994,heat,lower
18.68,45.3,944,off,lower
25.67,62.43,947,off,lower
24.78,63.57,262,off,raise
19.42,45.02,642,off,keep
26.29,48.86,207,cool,raise
24.17,56.13,695,off,keep
14.87,45.31,520,heat,keep
17.02,79.45,904,heat,lower
25.22,62.66,372,off,keep
18.54,53.3,665,off,keep
17.14,36.69,701,heat,keep
16.06,69.12,851,heat,lower
18.09,45.81,46,off,raise
30.81,44.17,523,cool,keep
29.56,66.68,474,cool,raise
21.98,60.07,253,off,raise
28.36,23.37,797,cool,lower
15.88,51.57,863,heat,lower
19.0,57.54,105,off,raise
27.67,52.49,682,heat,keep
21.29,59.98,816,off,lower
25.36,30.05,299,off,raise
24.44,20.0,641,off,keep
22.18,40.06,671,off,keep
16.35,54.88,5,heat,raise
30.6,20.0,818,cool,lower
29.02,42.41,738,cool,keep
11.55,27.64,260,heat,raise
9.53,54.95,387,heat,keep
19.9,85.79,746,off,keep
21.69,53.88,786,off,lower
20.01,53.35,72,off,raise
30.99,70.16,416,cool,keep
22.58,55.34,657,off,keep
25.53,54.06,168,off,raise
21.53,70.51,1012,off,lower
12.77,62.86,179,heat,raise
29.35,56.25,875,cool,lower
15.05,55.1,62,heat,raise
29.14,50.57,896,cool,lower
18.76,70.16,35,off,raise
19.07,50.58,710,off,keep
25.21,74.44,350,off,keep
8.54,41.89,448,cool,keep
27.05,75.56,80,cool,raise
14.97,63.02,698,heat,keep
23.87,38.92,639,off,keep
24.65,63.79,355,off,keep
15.48,45.75,521,heat,keep
22.25,54.24,535,off,keep
12.39,47.89,704,heat,keep
27.44,51.87,546,cool,keep
19.49,68.37,21,off,raise
13.46,63.49,542,heat,keep
22.82,38.66,395,off,keep
15.27,35.14,405,heat,keep
20.78,59.8,359,off,keep
20.98,59.54,359,off,keep
27.05,44.05,263,cool,raise
16.6,76.62,330,heat,keep
29.76,67.11,732,cool,keep
22.91,44.57,172,off,raise
17.46,46.71,791,heat,lower
31.62,48.08,454,cool,keep
33.06,48.09,647,cool,keep
28.96,71.78,73,cool,raise
30.77,70.29,204,cool,raise
23.39,57.87,947,heat,lower
30.37,66.17,836,cool,lower
24.43,65.16,72,off,raise
18.95,55.02,914,off,lower
31.71,59.42,847,cool,lower
24.47,64.93,169,off,raise
24.96,61.41,211,off,raise
15.33,40.49,179,heat,raise
13.6,46.0,879,heat,lower
21.91,53.2,897,cool,lower
17.6,44.04,733,heat,keep
23.69,33.14,280,off,raise
25.06,62.13,941,off,lower
17.43,56.08,869,heat,lower
27.06,31.21,893,cool,lower
17.47,51.3,384,heat,keep
24.13,51.62,730,off,keep
19.88,58.82,663,off,keep
25.88,38.38,160,off,raise
19.57,36.67,609,off,keep
28.15,64.54,598,cool,keep
20.95,31.35,572,off,keep
21.32,49.5,360,off,keep
23.81,46.28,676,off,keep
22.09,56.02,911,off,lower
28.68,56.91,592,cool,keep
17.13,75.99,892,heat,lower
20.51,31.27,797,off,raise
25.19,65.17,296,off,raise
8.74,20.0,789,heat,lower
19.95,75.23,648,off,keep
12.6,26.2,979,heat,lower
17.23,93.22,285,heat,raise
23.69,51.36,160,off,raise
26.04,74.77,705,cool,keep
19.7,69.55,664,off,keep
21.87,46.38,625,off,keep
33.64,48.54,750,cool,keep
16.44,46.43,537,heat,keep
14.12,66.31,53,heat,raise
27.82,48.97,933,cool,lower
22.47,45.75,251,off,raise
14.17,63.57,245,heat,raise
15.77,40.05,778,heat,lower
8.21,51.53,781,heat,lower
20.9,55.75,499,off,keep
17.46,45.94,727,heat,keep
33.0,48.65,69,cool,raise
12.85,77.04,280,heat,raise
19.82,52.31,255,off,raise
10.11,52.81,414,heat,keep
19.53,51.12,315,off,keep
25.95,64.45,51,off,raise
28.17,38.31,701,cool,keep
18.93,65.01,622,off,keep
30.97,57.13,382,cool,keep
22.1,27.38,920,off,lower
14.18,84.93,392,heat,keep
20.71,80.02,148,off,raise
14.14,44.63,872,heat,lower
29.22,36.0,106,cool,raise
25.54,58.59,41,off,raise
8.51,33.61,456,heat,keep
13.47,73.75,565,heat,keep
18.59,49.37,289,off,raise
15.09,77.77,906,heat,lower
29.53,40.05,288,cool,raise
21.34,50.08,983,off,lower
16.2,77.43,677,heat,keep
29.63,49.13,167,cool,raise
18.27,58.1,446,off,keep
25.11,69.33,101,off,raise
21.33,49.4,865,off,lower
16.36,33.31,715,cool,keep
26.46,30.71,466,cool,keep
30.78,63.11,696,cool,keep
31.83,60.79,626,cool,keep
23.16,72.24,603,off,keep
27.89,49.54,403,cool,keep
22.91,36.63,356,off,keep
20.16,20.0,254,off,raise
24.96,95.0,799,off,lower
37.39,60.7,452,cool,keep
18.42,55.5,465,off,keep
20.23,56.84,697,off,keep
13.95,35.03,553,heat,keep
27.4,41.08,977,cool,keep
20.81,80.88,242,off,raise
14.36,62.82,65,heat,raise
17.7,41.2,409,heat,keep
13.28,38.81,526,heat,keep
23.48,50.47,802,off,lower
28.36,52.81,676,cool,keep
13.86,82.79,976,off,lower
32.81,49.51,120,cool,raise
27.59,41.11,589,cool,keep
12.47,53.61,838,heat,lower
26.15,56.22,496,cool,keep
19.22,37.96,237,off,raise
34.69,61.17,758,cool,lower
24.92,74.27,886,off,lower
27.43,52.6,213,cool,raise
35.22,42.39,538,cool,keep
19.99,48.96,821,off,lower
31.89,28.84,177,cool,raise
32.7,55.46,0,cool,raise
12.6,57.03,759,heat,lower
22.47,41.33,816,off,lower
26.47,87.39,115,cool,raise
27.59,64.58,638,cool,keep
16.2,28.65,746,heat,keep
19.18,29.59,1016,cool,lower
15.05,40.42,851,heat,lower
27.56,78.1,208,cool,raise
19.93,66.61,589,off,keep
28.2,79.75,713,cool,keep
23.5,54.95,263,off,raise
31.48,48.99,166,cool,raise
24.39,38.49,454,off,keep
22.61,58.43,755,off,lower
23.21,49.24,579,off,raise
28.51,50.29,607,cool,keep
21.67,77.49,709,off,keep
26.53,52.59,984,cool,lower
18.17,72.48,616,heat,keep
12.29,32.07,134,heat,raise
19.26,95.0,412,off,keep
18.88,49.61,152,off,raise
22.48,62.72,749,off,keep
25.34,66.17,994,cool,lower
19.6,47.98,775,off,lower
24.11,63.35,229,off,raise
18.4,65.6,743,off,keep
13.6,41.01,0,heat,raise
8.91,44.71,280,heat,raise
29.3,60.0,323,cool,keep
15.3,50.75,455,heat,keep
30.34,77.53,322,cool,keep
28.65,64.41,434,cool,lower
23.82,51.3,8,off,raise
23.73,67.22,852,off,lower
17.3,28.62,418,heat,keep
10.74,46.59,812,heat,lower
5.0,60.04,21,heat,raise
21.13,71.86,890,off,lower
23.45,57.7,624,off,keep
24.68,77.55,222,off,raise
14.43,69.37,775,heat,lower
24.52,51.0,755,off,lower
31.57,51.85,750,cool,keep
31.92,61.38,953,cool,lower
33.5,48.09,993,cool,lower
29.5,80.02,203,cool,raise
22.62,43.17,301,off,keep
34.64,61.86,41,cool,raise
18.71,67.63,81,off,raise
32.04,52.11,119,cool,raise
19.41,49.45,729,off,keep
15.07,58.69,621,heat,keep
13.68,63.81,2,heat,raise
30.91,48.7,394,cool,keep
25.23,33.8,124,off,raise
15.61,74.16,170,heat,raise
24.85,62.09,73,off,raise
27.2,69.02,573,cool,keep
22.95,61.05,77,off,lower
23.66,87.67,834,off,lower
23.05,72.17,960,off,lower
28.31,44.01,876,cool,lower
11.93,60.81,844,heat,lower
21.38,44.84,748,off,keep
21.8,48.08,908,off,lower
26.57,32.21,864,cool,raise
19.59,52.33,202,off,raise
21.94,63.02,671,off,raise
25.29,50.56,275,cool,raise
15.78,38.86,827,heat,lower
30.48,32.98,0,cool,raise
21.95,89.91,408,off,keep
20.51,61.73,394,off,keep
24.94,40.84,856,off,lower
17.5,64.78,296,heat,raise
22.04,85.07,895,off,lower
22.59,64.36,496,off,keep
17.34,20.0,700,heat,keep
19.74,95.0,539,off,keep
14.15,31.04,490,heat,keep
14.79,54.46,310,heat,keep
21.54,37.73,282,off,raise
33.51,45.06,592,cool,keep
15.12,59.71,337,heat,keep
19.67,22.52,834,off,lower
11.21,53.42,148,heat,keep
25.78,75.81,223,off,raise
25.95,43.64,67,off,raise
31.99,38.26,868,cool,raise
14.99,50.75,424,heat,keep
21.65,49.16,51,off,raise
25.2,46.9,19,off,raise
28.28,38.66,955,cool,lower
23.77,62.55,915,off,lower
27.11,65.53,279,heat,raise
26.61,40.6,704,cool,keep
15.81,38.32,270,heat,raise
28.87,58.55,821,cool,lower
19.06,42.67,756,cool,lower
23.82,58.27,438,off,keep
19.11,73.34,969,off,lower
20.62,53.55,236,off,raise
11.65,37.67,953,heat,keep
19.79,59.15,312,off,keep
34.53,54.17,904,cool,lower
15.77,54.21,863,heat,lower
10.41,62.4,565,heat,keep
31.27,65.4,143,cool,raise
25.99,55.92,745,off,keep
20.57,54.08,742,off,keep
30.89,83.38,848,cool,lower
26.0,72.15,238,off,raise
29.67,67.65,264,cool,raise
18.54,59.81,379,off,keep
26.02,41.3,381,cool,keep
30.61,74.86,0,cool,raise
13.09,54.35,143,heat,raise
20.45,45.63,459,off,keep
18.66,55.5,972,off,lower
20.9,39.02,106,off,raise
19.59,69.33,217,off,raise
19.76,64.7,925,off,lower
28.76,61.76,0,cool,raise
21.13,53.02,128,off,raise
27.9,45.9,880,cool,lower
14.53,23.83,230,heat,raise
33.36,29.95,289,cool,raise
16.41,43.83,0,heat,raise
17.98,40.5,439,cool,keep
24.79,60.7,1023,off,raise
23.12,70.65,1003,cool,lower
28.14,52.38,723,cool,keep
22.04,75.44,690,off,keep
19.5,48.29,660,off,keep
14.1,51.54,693,heat,lower
28.01,51.55,510,cool,keep
20.67,74.14,196,off,raise
19.81,56.49,909,heat,lower
14.63,57.57,914,heat,lower
15.25,34.64,179,heat,raise
20.88,38.7,78,off,raise
27.55,71.05,825,cool,lower
20.54,21.4,55,off,raise
12.85,75.82,836,heat,lower
23.32,61.39,983,off,lower
12.85,41.44,10,heat,raise
28.18,43.98,831,cool,lower
13.83,83.46,156,heat,raise
28.97,73.67,281,cool,raise
20.06,50.83,575,off,keep
21.4,57.43,725,off,keep
30.54,41.97,82,cool,raise
26.48,57.48,75,cool,raise
12.11,47.57,256,heat,raise
15.6,55.16,681,heat,keep
18.82,80.91,401,off,keep
21.52,54.11,281,off,raise
18.07,36.78,159,off,raise
21.79,34.78,984,off,lower
31.81,56.25,737,cool,keep
20.41,41.51,989,off,raise
10.9,59.95,537,heat,keep
10.59,26.75,861,heat,lower
29.96,62.98,676,cool,keep
29.24,36.97,520,cool,keep
15.68,54.68,482,heat,keep
29.02,52.52,530,heat,keep
15.76,82.28,417,heat,keep
31.75,57.78,637,cool,keep
30.83,84.3,485,cool,keep
20.38,63.39,976,off,keep
20.38,79.12,891,off,lower
14.82,48.24,546,heat,keep
12.13,61.73,356,heat,keep
24.44,72.26,752,off,lower
25.87,69.58,671,off,keep
23.91,63.98,219,off,raise
28.07,51.55,844,cool,lower
28.14,55.79,707,cool,keep
16.91,69.32,660,heat,keep
21.2,77.2,793,off,lower
13.29,45.98,254,heat,raise
23.42,42.92,776,off,keep
14.16,45.51,108,heat,raise
21.06,68.85,824,off,lower
30.62,40.22,654,cool,keep
33.13,69.18,570,cool,keep
12.46,63.09,715,cool,keep
26.45,45.96,326,cool,keep
20.08,77.25,788,off,lower
31.11,33.68,8,heat,raise
30.68,78.67,679,cool,keep
11.73,60.09,800,heat,lower
20.16,25.67,16,off,raise
27.35,79.1,702,cool,keep
9.21,73.54,821,heat,lower
19.77,48.6,530,off,keep
22.18,43.23,634,off,lower
28.14,33.42,66,cool,raise
19.89,94.28,1000,off,lower
20.26,45.09,1009,off,lower
17.25,32.52,751,heat,lower
34.4,59.55,1,cool,raise
19.68,30.21,429,off,keep
13.99,40.5,846,heat,lower
18.28,69.13,707,off,keep
21.47,60.88,905,off,lower
15.81,47.01,606,heat,keep
13.96,55.47,731,heat,keep
29.7,50.23,306,cool,keep
19.4,53.08,857,off,lower
32.8,42.92,540,cool,keep
22.57,44.9,789,off,lower
19.34,43.85,179,off,raise
15.74,43.64,281,heat,raise
21.01,71.35,96,heat,raise
17.33,69.07,671,heat,keep
28.59,38.63,747,cool,keep
22.06,37.02,261,off,raise
20.62,55.0,386,heat,keep
24.12,84.97,619,off,keep
19.07,42.12,826,off,lower
29.34,51.7,304,cool,keep
13.9,57.75,510,heat,keep
18.06,52.93,198,off,raise
20.99,49.04,785,off,lower
15.02,75.54,865,heat,lower
26.21,61.57,699,cool,keep
20.02,69.68,846,off,lower
9.98,64.39,830,heat,lower
20.94,66.84,881,off,lower
20.78,78.47,440,off,keep
30.2,74.55,207,off,raise
28.33,87.05,975,cool,lower
32.91,74.18,28,cool,raise
14.44,46.27,419,heat,lower
23.0,69.33,744,off,keep
24.65,68.52,784,off,keep
29.07,85.71,717,cool,keep
27.53,39.29,497,cool,keep
11.59,62.59,953,heat,lower
33.63,46.46,264,cool,raise
24.56,63.47,104,off,raise
13.73,51.74,636,heat,keep
27.03,60.44,316,cool,raise
16.98,32.78,466,heat,keep
11.02,68.06,439,heat,keep
11.23,54.19,251,off,raise
22.0,52.6,994,off,lower
23.4,85.64,411,off,keep
23.13,48.2,695,off,lower
13.53,61.07,170,heat,raise
12.81,59.66,965,heat,lower
14.29,55.94,1023,heat,lower
26.87,84.99,59,cool,raise
16.84,55.4,701,heat,keep
10.48,45.12,626,heat,keep
18.8,83.01,171,off,raise
23.05,51.46,838,off,lower
31.34,31.58,796,cool,lower
27.05,43.98,858,cool,lower
24.89,38.42,606,off,keep
28.29,29.34,749,cool,keep
21.79,49.19,725,off,keep
24.22,55.22,775,off,lower
20.35,69.62,583,off,keep
17.39,66.57,743,cool,keep
31.17,63.8,43,cool,raise
21.5,39.2,676,off,keep
29.52,67.44,233,cool,raise
11.95,77.94,421,heat,keep
32.77,59.38,773,cool,lower
31.19,62.16,102,cool,raise
23.98,37.79,762,off,lower
18.66,70.87,309,off,keep
22.95,79.98,778,off,lower
20.59,59.72,803,off,lower
33.68,43.27,19,cool,raise
34.15,51.59,216,cool,raise
19.75,46.48,826,off,raise
15.41,49.5,323,heat,keep
30.8,62.18,478,cool,keep
24.13,59.36,0,off,raise
29.15,72.32,695,heat,keep
25.33,62.95,115,off,raise
22.54,39.55,260,off,raise
13.87,46.16,482,heat,keep
28.23,48.26,721,cool,keep
20.71,53.61,501,off,keep
17.74,80.69,1019,heat,lower
25.35,83.35,518,off,keep
16.61,67.71,272,off,raise
23.07,53.11,194,off,raise
14.55,35.63,830,heat,lower
9.75,60.47,451,heat,keep
26.94,42.37,612,cool,keep
24.56,76.62,342,off,keep
17.52,33.73,276,heat,raise
17.22,61.21,603,heat,keep
24.59,43.3,325,off,keep
27.62,52.22,1007,cool,lower
22.51,62.36,738,off,keep
25.25,71.16,822,off,lower
23.07,56.14,291,off,raise
29.79,64.16,78,cool,raise
31.44,44.86,0,cool,raise
18.57,55.51,877,off,lower
31.46,68.63,923,cool,lower
27.49,59.47,682,cool,keep
23.61,48.04,616,off,lower
14.28,46.6,243,heat,raise
34.73,72.88,769,cool,lower
26.04,38.28,511,cool,keep
16.94,43.42,640,cool,keep
22.1,65.42,36,off,raise
26.6,50.12,526,cool,keep
23.73,37.24,725,off,keep
14.6,73.7,812,heat,lower
15.63,38.78,146,heat,raise
22.52,50.03,39,cool,raise
22.04,45.5,889,off,lower
34.39,51.97,307,cool,keep
25.68,43.99,513,off,keep
14.99,64.95,616,heat,keep
28.2,54.25,499,cool,keep
20.78,69.9,985,off,lower
19.8,44.16,835,off,lower
30.0,85.84,424,cool,keep
21.86,27.77,199,off,raise
32.31,32.19,1023,cool,lower
28.92,82.96,740,off,keep
13.98,61.44,768,heat,lower
30.34,62.14,480,cool,keep
12.25,61.5,502,heat,keep
15.58,63.0,236,heat,lower
20.4,57.3,441,off,keep
26.78,36.33,551,cool,keep
32.45,64.15,127,cool,raise
27.02,65.34,654,cool,keep
20.24,74.61,600,off,keep
29.2,78.17,851,cool,lower
24.53,59.12,27,off,lower
26.71,37.15,208,cool,raise
18.23,82.42,459,off,keep
19.99,39.67,901,off,lower
32.26,59.95,224,cool,raise
13.53,50.07,991,heat,lower
14.88,49.81,972,heat,lower
20.82,66.11,98,off,raise
23.85,58.51,333,off,keep
32.98,64.77,237,cool,raise
31.27,44.35,463,cool,keep
31.07,52.02,923,cool,lower
24.54,42.8,365,heat,keep
23.35,51.34,652,off,keep
18.11,49.18,159,heat,raise
27.81,84.86,628,cool,raise
28.39,49.74,381,cool,keep
21.62,24.83,924,off,lower
23.84,76.01,802,off,lower
25.06,64.52,218,off,raise
15.48,54.09,620,heat,keep
20.81,50.27,383,off,keep
15.77,39.61,497,heat,keep
28.72,81.5,436,cool,keep
16.57,56.07,876,heat,lower
14.53,25.1,282,heat,raise
21.56,58.98,0,off,raise
31.36,70.71,204,cool,raise
23.56,55.67,884,off,lower
27.88,42.67,310,cool,keep
20.31,41.19,70,off,raise
22.06,40.92,430,off,keep
16.75,78.46,916,heat,lower
16.12,52.84,906,heat,lower
13.52,34.67,995,heat,lower
13.8,61.36,685,heat,keep
27.6,55.93,794,cool,lower
16.85,50.02,836,heat,lower
29.01,42.17,0,cool,keep
23.78,37.49,414,off,keep
21.11,68.46,529,off,keep
28.0,56.27,461,cool,keep
35.94,60.84,829,cool,lower
19.0,58.56,1016,off,lower
23.76,56.66,569,off,keep
15.27,47.14,113,heat,raise
21.74,51.5,381,off,keep
29.38,73.12,191,cool,keep
26.46,77.44,470,cool,keep
17.47,37.47,266,heat,lower
26.97,55.46,68,cool,raise
23.98,69.78,161,heat,keep
23.71,83.68,531,off,keep
25.44,79.79,143,off,raise
13.06,41.71,15,heat,lower
19.78,71.27,274,off,raise
20.98,56.19,687,off,keep
17.95,71.33,659,heat,keep
12.74,68.61,404,heat,keep
29.05,36.58,649,cool,keep
18.55,65.36,201,off,raise
22.95,72.23,733,off,lower
17.36,52.64,0,heat,raise
20.39,50.27,122,off,raise
19.48,31.4,961,heat,lower
26.52,63.84,510,cool,keep
27.0,57.64,542,cool,keep
13.43,41.77,382,off,keep
20.79,49.87,679,off,keep
15.71,57.32,754,heat,lower
27.03,44.74,811,cool,lower
13.64,56.05,244,heat,raise
24.13,29.62,655,off,keep
22.55,73.72,768,off,lower
28.8,52.65,436,cool,keep
29.7,40.97,338,cool,keep
13.54,21.6,665,heat,keep
20.03,70.91,586,off,keep
29.2,62.65,269,cool,raise
23.34,60.25,985,off,lower
17.96,68.9,531,heat,keep
14.28,67.49,612,heat,keep
33.13,59.85,218,cool,raise
18.78,49.57,709,off,keep
24.58,47.36,919,off,lower
23.13,62.04,749,off,keep
27.9,76.18,488,cool,keep
23.15,54.73,654,off,keep
16.66,79.53,215,heat,raise
25.24,57.49,187,off,raise
17.25,60.79,669,heat,keep
11.46,94.88,219,heat,raise
15.48,78.6,85,heat,raise
27.57,78.75,802,cool,lower
22.62,38.55,466,off,keep
30.36,88.09,846,cool,lower
13.24,54.93,869,heat,lower
18.76,52.74,149,off,raise
19.17,20.54,780,off,lower
13.67,59.88,323,heat,keep
22.57,39.19,704,off,keep
30.82,61.23,14,cool,raise
25.05,35.39,432,off,keep
8.94,82.12,600,heat,keep
28.47,61.64,458,cool,keep
26.98,85.45,580,cool,keep
13.71,41.02,73,heat,raise
25.58,78.52,5,off,raise
20.2,29.14,582,off,keep
18.17,57.05,424,off,keep
22.6,46.78,607,off,keep
21.54,50.32,393,off,keep
32.0,50.76,28,cool,raise
28.7,42.91,731,cool,keep
26.98,36.87,142,cool,raise
23.79,45.6,821,off,lower
22.74,56.53,0,off,lower
21.61,69.61,900,off,lower
34.36,57.79,311,cool,keep
28.37,76.41,912,cool,lower
31.06,30.78,16,cool,raise
21.39,43.82,389,off,keep
23.87,67.29,465,off,keep
29.76,58.8,196,cool,raise
20.26,43.62,447,off,keep
18.83,66.67,212,off,raise
16.25,46.18,453,heat,lower
33.12,45.73,351,cool,keep
20.52,59.66,216,off,raise
24.34,54.75,833,off,lower
25.18,47.74,544,off,keep
28.25,45.21,818,cool,keep
18.34,39.44,807,off,lower
22.73,49.1,264,off,raise
25.22,72.57,291,off,raise
28.82,62.35,968,cool,lower
33.0,74.73,313,cool,keep
14.94,63.67,51,heat,raise
22.87,45.6,575,off,keep
29.26,31.14,1004,cool,lower
21.33,40.63,252,off,raise
28.45,41.76,662,cool,keep
14.54,43.68,337,heat,keep
22.52,71.88,378,off,keep
29.92,66.63,437,cool,raise
23.43,86.21,184,off,raise
32.07,42.38,394,cool,keep
28.0,79.71,237,cool,raise
15.56,83.62,836,heat,lower
21.97,49.9,180,off,raise
28.0,62.29,875,cool,lower
20.84,73.62,20,off,raise
21.61,53.51,398,off,keep
14.02,52.86,250,heat,raise
31.95,44.66,472,cool,keep
16.42,25.09,786,heat,lower
30.61,57.56,930,cool,lower
30.73,43.44,775,cool,lower
16.28,41.24,491,heat,keep
9.08,61.85,491,heat,keep
18.5,33.35,1023,off,lower
25.76,66.73,1023,off,lower
16.52,61.75,770,heat,lower
20.32,46.56,136,off,raise
22.95,50.7,247,off,raise
20.71,37.89,267,off,raise
10.22,65.87,264,heat,raise
11.87,59.57,1022,heat,lower
23.47,57.15,166,off,raise
24.69,60.33,889,off,lower
15.95,46.92,819,heat,lower
12.01,31.62,519,heat,keep
22.63,71.07,276,off,raise
23.11,65.4,280,off,raise
33.56,50.72,714,cool,keep
14.27,62.65,674,heat,keep
18.74,74.69,582,off,keep
16.31,73.68,572,heat,keep
31.19,45.99,847,cool,lower
21.83,29.38,766,off,raise
19.12,35.96,798,off,lower
21.52,54.21,299,off,raise
14.27,72.35,63,heat,raise
21.53,45.01,470,off,keep
20.9,42.98,316,off,lower
18.05,45.7,286,off,raise
15.74,47.18,518,heat,keep
36.61,56.33,942,cool,lower
18.26,36.22,835,off,lower
20.55,74.01,686,off,keep
12.19,55.16,719,heat,keep
28.39,91.79,349,cool,keep
18.33,39.59,575,off,keep
23.7,78.22,449,heat,keep
29.32,74.9,847,cool,lower
20.13,46.42,1014,off,lower
20.98,51.7,473,off,keep
18.28,40.58,724,off,raise
32.72,36.51,54,cool,raise
33.84,56.08,417,cool,keep
33.23,54.44,907,cool,lower
23.21,30.37,712,off,keep
19.18,88.93,550,off,keep
21.32,50.43,224,heat,raise
18.86,61.44,822,off,lower
24.04,48.93,1015,off,keep
25.26,52.39,359,off,keep
26.91,50.11,812,cool,lower
23.35,57.21,641,off,keep
16.98,55.27,389,heat,keep
22.32,68.7,337,off,keep
20.96,59.52,549,off,keep
25.02,65.82,415,off,keep
14.34,56.73,610,off,keep
17.53,57.63,179,heat,raise
26.12,51.5,480,cool,keep
24.31,68.09,753,off,lower
31.74,58.11,815,cool,lower
27.91,47.57,283,cool,raise
29.68,53.09,631,cool,keep
23.55,54.82,297,off,raise
17.26,57.63,775,heat,raise
23.21,51.95,349,off,keep
11.21,47.5,673,heat,keep
32.31,66.47,435,cool,keep
21.25,68.9,260,off,raise
23.21,80.46,630,off,keep
14.62,45.27,645,heat,keep
14.75,61.89,655,heat,keep
33.36,24.93,811,cool,lower
28.87,67.44,690,cool,keep
28.76,33.5,900,cool,lower
30.58,36.86,429,cool,keep
16.99,58.96,515,heat,keep
13.47,46.0,539,heat,keep
24.01,46.44,565,off,keep
22.55,46.04,162,off,raise
26.16,66.92,875,cool,lower
22.59,39.88,521,off,keep
17.62,53.3,549,heat,keep
17.66,47.57,931,heat,lower
23.28,65.21,486,off,keep
23.06,66.77,486,off,lower
23.54,29.57,600,off,keep
30.37,69.17,968,cool,lower
9.88,44.02,232,heat,raise
13.04,58.96,119,heat,raise
14.08,40.93,148,heat,raise
14.7,60.43,759,heat,lower
15.89,93.78,11,heat,keep
22.19,54.89,769,off,lower
27.9,46.3,878,cool,lower
19.49,53.49,633,off,keep
25.97,32.67,128,off,raise
22.25,77.93,664,off,keep
25.99,62.14,455,off,keep
23.12,40.96,56,off,raise
16.42,37.02,223,heat,raise
21.12,55.0,694,off,keep
21.52,71.06,644,off,keep
11.82,38.78,500,heat,keep
17.91,72.07,824,heat,lower
18.36,50.35,549,off,keep
21.13,39.81,991,off,lower
32.3,48.12,46,cool,raise
31.95,78.38,265,cool,raise
24.73,35.76,159,off,raise
20.35,43.79,418,off,lower
23.7,65.33,897,off,lower
15.24,57.11,460,heat,keep
20.6,42.56,325,off,keep
26.14,69.21,138,cool,raise
10.97,73.02,392,heat,keep
27.73,61.13,219,cool,raise
21.75,43.08,207,off,raise
23.7,45.15,129,off,raise
23.27,58.74,671,off,keep
21.56,35.57,760,off,lower
20.83,76.9,785,off,lower
21.65,83.96,88,off,raise
22.98,55.03,963,off,lower
16.77,59.46,505,heat,keep
20.42,74.66,603,off,keep
17.86,85.18,915,heat,lower
18.19,76.17,266,off,raise
14.6,25.19,502,heat,keep
30.98,50.55,69,cool,raise
22.33,59.52,531,off,keep
14.19,45.88,274,heat,raise
14.11,80.37,185,heat,lower
22.06,79.88,629,off,keep
27.67,45.32,124,cool,raise
23.41,52.59,967,off,lower
21.77,42.68,257,off,raise
15.97,47.94,55,heat,raise
26.15,52.54,458,cool,keep
11.44,69.37,386,heat,keep
10.68,40.57,692,heat,keep
23.67,20.0,674,off,keep
28.72,28.55,580,cool,keep
32.08,38.21,612,cool,keep
30.55,44.67,774,cool,lower
19.54,56.68,670,off,keep
21.33,39.9,173,off,raise
35.09,37.76,455,cool,keep
23.98,43.16,701,off,keep
17.08,39.27,262,heat,raise
25.84,46.45,887,off,lower
28.48,45.36,492,cool,keep
20.45,66.25,352,off,lower
18.51,39.78,374,off,keep
21.69,49.73,665,off,keep
15.68,47.84,766,heat,lower
31.92,67.41,267,cool,raise
24.53,53.3,155,off,raise
28.95,69.18,91,cool,raise
21.3,40.41,504,off,keep
27.66,52.05,993,cool,lower
20.75,47.24,979,off,lower
21.81,35.64,607,off,keep
24.51,56.15,546,off,keep
11.59,82.76,516,heat,keep
29.68,42.2,233,cool,raise
19.99,56.2,418,off,keep
25.0,34.94,980,off,raise
32.91,34.87,611,cool,keep
13.73,41.74,273,heat,raise
18.81,49.06,125,off,raise
13.88,47.05,754,heat,lower
24.41,51.65,954,off,lower
26.56,30.17,138,cool,raise
25.44,47.37,405,off,keep
12.41,61.18,856,heat,lower
19.82,40.77,256,off,raise
16.47,46.91,180,heat,raise
26.55,59.86,455,cool,keep
14.66,43.84,402,cool,keep
17.82,61.2,487,heat,keep
20.74,31.15,959,off,lower
29.29,68.81,970,heat,lower
20.18,59.36,575,off,keep
21.49,59.58,86,off,raise
15.19,70.6,234,heat,lower
13.69,49.76,168,heat,raise
26.13,44.41,0,cool,raise
25.07,73.99,426,off,keep
15.91,79.81,8,heat,raise
16.47,45.94,595,heat,keep
23.92,51.95,253,off,raise
29.65,69.08,771,cool,lower
20.21,51.9,576,off,keep
11.04,64.53,974,heat,lower
13.92,66.75,484,heat,keep
28.62,46.62,173,cool,raise
24.4,59.77,962,off,lower
22.64,55.78,337,off,keep
32.61,35.42,798,cool,lower
17.77,40.3,825,heat,lower
28.96,44.93,928,cool,lower
12.43,65.55,677,heat,keep
19.82,73.48,512,off,keep
21.14,67.4,331,off,keep
19.76,61.96,445,off,keep
16.48,61.87,785,heat,lower
15.21,63.27,585,heat,keep
24.85,63.39,70,off,raise
28.42,62.83,385,cool,keep
23.51,32.52,986,off,lower
23.58,42.05,201,off,raise
31.62,35.96,433,cool,keep
12.51,70.87,862,heat,lower
23.81,81.14,283,off,raise
12.3,23.73,668,heat,keep
31.07,79.7,795,cool,lower
23.06,55.27,313,off,keep
13.97,71.29,899,heat,lower
13.84,64.25,494,heat,keep
18.77,72.15,306,off,keep
21.89,58.75,223,off,raise
22.75,38.71,312,off,keep
13.83,52.83,568,heat,keep
27.98,57.69,199,cool,raise
22.57,50.14,332,off,lower
20.49,61.24,725,off,keep
23.97,52.75,854,off,lower
8.1,43.62,665,heat,keep
10.84,40.57,531,heat,keep
27.41,50.68,740,cool,keep
22.17,58.75,453,off,keep
25.46,28.06,293,off,raise
23.31,42.17,766,off,lower
27.49,25.2,123,cool,raise
14.93,50.13,935,heat,lower
24.28,74.13,482,off,keep
8.65,38.37,840,heat,lower
33.98,64.01,89,cool,raise
18.63,95.0,502,off,keep
9.92,74.8,425,heat,keep
16.48,60.36,377,heat,keep
17.37,64.76,504,heat,keep
27.95,36.28,688,cool,keep
28.86,32.56,978,cool,lower
19.66,52.22,844,off,lower
17.61,63.26,209,heat,raise
32.38,70.9,998,cool,lower
32.46,43.83,496,cool,keep
15.44,58.63,466,heat,keep
20.12,55.74,0,off,raise
18.92,52.62,715,off,keep
29.16,52.9,912,cool,lower
15.08,40.42,259,heat,raise
12.48,56.82,854,heat,lower
31.53,59.52,119,cool,raise
15.29,49.05,985,heat,lower
24.18,65.51,249,off,raise
33.36,69.69,520,cool,keep
26.09,65.26,10,cool,raise
31.66,37.89,889,cool,lower
14.05,54.99,492,heat,keep
16.19,44.75,1008,heat,lower
22.53,58.22,432,off,keep
15.7,40.26,81,off,raise
12.01,71.17,684,heat,keep
27.18,63.35,161,cool,raise
16.77,71.03,631,heat,keep
30.36,70.99,0,cool,raise
19.76,51.18,171,off,raise
17.19,48.91,667,cool,keep
25.68,81.79,733,heat,keep
33.3,50.45,183,cool,raise
15.38,37.7,239,heat,raise
30.43,69.72,921,cool,lower
33.76,57.75,40,cool,raise
26.56,76.28,235,cool,raise
29.05,59.27,1001,off,lower
21.3,58.85,518,cool,keep
20.39,75.91,30,heat,raise
16.98,29.69,927,heat,lower
9.09,44.49,341,heat,keep
15.09,41.02,693,heat,keep
22.7,21.03,691,off,keep
22.82,66.02,385,off,keep
36.24,46.54,422,cool,keep
24.05,71.7,581,off,keep
11.69,60.54,424,heat,keep
21.9,63.91,207,off,raise
21.2,48.85,723,cool,keep
10.57,44.83,677,heat,keep
15.05,59.09,605,cool,keep
17.76,69.27,734,heat,keep
14.1,54.24,574,heat,keep
19.65,42.49,951,off,lower
16.4,38.49,918,heat,lower
19.48,56.37,970,off,lower
14.73,44.94,130,heat,raise
15.42,54.31,93,heat,raise
25.15,54.5,512,off,keep
27.66,49.79,691,cool,keep
23.01,59.33,277,off,raise
17.81,61.35,140,heat,raise
29.53,87.52,25,cool,raise
25.83,66.26,603,off,keep
25.12,78.32,1023,off,lower
20.57,43.83,487,off,keep
24.34,30.09,726,off,lower
28.74,53.28,73,cool,raise
26.21,66.56,222,cool,raise
22.92,64.2,697,off,keep
16.78,70.92,413,heat,keep
22.82,20.0,26,off,lower
20.11,75.74,209,off,raise
22.81,61.37,774,off,lower
32.44,30.19,657,cool,keep
17.74,67.63,835,heat,lower
21.61,58.16,297,off,raise
38.26,60.07,969,cool,lower
27.98,67.53,953,cool,lower
20.62,62.14,368,off,keep
31.13,36.64,237,cool,raise
15.14,52.88,977,heat,keep
31.36,32.73,368,cool,keep
29.41,64.31,459,cool,keep
16.75,77.81,897,heat,lower
14.84,36.08,269,heat,raise
11.63,40.12,915,heat,lower
16.61,40.32,187,off,raise
17.03,48.46,295,heat,raise
19.15,63.35,403,off,keep
22.88,48.05,513,off,keep
37.95,64.85,245,cool,raise
27.01,69.81,918,cool,lower
11.0,74.65,651,heat,keep
10.12,41.23,644,heat,lower
17.06,74.44,735,heat,keep
15.5,73.96,671,heat,keep
22.89,74.68,641,off,keep
23.57,53.84,692,off,keep
27.94,43.99,711,cool,keep
8.2,38.67,928,heat,lower
19.66,39.02,207,off,raise
19.28,52.71,512,off,keep
11.0,69.31,175,heat,raise
19.4,73.83,120,off,raise
20.43,45.55,992,off,lower
21.06,53.69,481,off,keep
28.16,52.63,697,cool,keep
16.42,46.2,791,heat,lower
21.82,68.37,12,off,raise
9.43,62.67,490,heat,keep
16.47,57.45,159,heat,raise
15.8,60.0,347,heat,keep
24.88,63.09,227,off,raise
17.33,60.55,715,heat,keep
16.32,42.38,168,heat,raise
33.01,66.74,446,cool,keep
15.2,61.27,354,heat,keep
23.65,48.08,980,off,lower
26.28,60.01,767,cool,lower
31.47,59.2,349,cool,keep
22.07,69.88,308,off,keep
27.62,40.52,717,heat,keep
19.37,75.43,649,off,keep
22.06,55.99,581,off,keep
16.19,47.22,83,heat,raise
27.81,48.53,95,cool,raise
19.46,41.27,646,off,keep
33.89,24.53,462,cool,keep
26.08,64.65,812,cool,lower
23.1,86.74,26,off,raise
16.14,28.7,176,heat,raise
26.12,37.36,805,cool,lower
12.98,66.0,950,heat,lower
22.15,55.36,714,off,keep
21.8,66.6,25,off,raise
28.93,56.06,10,cool,raise
14.45,49.98,894,heat,lower
15.93,47.76,490,heat,keep
21.59,20.0,485,off,keep
22.37,33.28,986,off,lower
19.27,70.55,253,off,raise
26.44,71.52,304,cool,keep
30.88,75.14,674,cool,keep
9.12,63.91,903,heat,lower
18.57,20.0,402,off,keep
15.8,42.32,148,heat,raise
21.35,70.31,66,off,raise
11.37,81.89,0,heat,raise
28.27,77.52,394,cool,keep
14.28,50.87,480,heat,keep
13.19,32.85,529,heat,keep
23.84,56.06,232,off,lower
22.05,60.73,660,off,keep
31.05,78.01,873,cool,lower
20.13,56.01,231,off,raise
31.04,57.73,687,cool,keep
21.79,53.84,561,off,lower
12.57,60.26,673,heat,keep
34.27,59.12,35,cool,raise
24.67,43.53,675,off,raise
25.74,36.58,750,off,keep
13.13,78.08,689,heat,keep
13.86,28.43,876,heat,lower
30.27,81.13,764,heat,lower
20.94,26.13,994,off,lower
27.9,46.48,676,cool,keep
28.14,70.62,486,cool,keep
13.95,54.9,880,heat,lower
20.15,33.96,720,off,lower
26.69,59.77,574,off,keep
28.22,57.02,649,cool,keep
31.28,47.96,370,cool,keep
18.72,49.0,632,off,keep
13.18,54.74,472,heat,keep
16.64,45.6,142,heat,raise
17.28,92.05,373,heat,keep
23.73,50.21,997,off,lower
24.71,49.04,308,off,keep
13.92,44.61,675,off,keep
17.59,82.4,389,off,keep
10.9,30.26,273,heat,raise
18.84,60.77,385,off,keep
23.68,54.38,1004,off,lower
29.08,32.04,145,cool,raise
15.46,42.46,731,heat,keep
21.62,56.45,852,off,lower
15.8,43.13,183,cool,raise
26.06,58.86,793,cool,lower
30.33,80.97,629,cool,keep
27.56,57.24,320,cool,keep
18.76,32.04,170,off,raise
23.26,47.29,966,off,lower
23.98,50.8,149,off,raise
19.85,50.31,998,off,lower
20.99,55.0,669,off,keep
30.17,61.46,896,cool,lower
29.41,80.71,263,cool,raise
13.67,55.84,13,heat,raise
10.24,39.52,653,heat,keep
28.59,72.1,374,cool,keep
10.15,72.59,562,heat,keep
19.95,53.83,489,off,keep
21.15,50.53,331,off,keep
32.51,62.97,716,cool,keep
27.71,49.55,566,cool,keep
23.02,27.07,643,cool,keep
25.01,65.42,665,off,keep
15.5,64.72,646,heat,keep
21.07,76.92,340,off,keep
27.81,42.4,802,cool,lower
33.66,59.13,195,heat,raise
28.41,57.12,986,off,keep
21.35,55.2,830,off,lower
11.15,58.65,519,off,keep
19.46,57.2,199,off,raise
29.96,61.2,918,cool,lower
26.75,65.68,538,cool,keep
24.01,70.39,857,off,lower
18.07,45.5,51,off,raise
20.44,54.27,317,cool,keep
20.32,49.92,313,off,keep
30.2,45.03,838,cool,lower
26.99,28.62,473,cool,keep
13.13,56.44,107,heat,raise
20.84,60.42,625,off,keep
9.15,52.06,185,heat,raise
13.61,60.68,467,heat,keep
18.43,65.53,967,off,lower
14.42,77.75,390,heat,keep
19.13,47.38,391,heat,keep
19.82,35.98,7,off,raise
24.38,55.07,452,off,keep
22.98,86.25,968,off,lower
18.54,36.56,971,off,lower
16.64,63.84,985,heat,lower
24.91,72.54,368,off,keep
24.03,20.0,94,off,raise
26.19,58.44,200,cool,raise
28.88,61.7,224,cool,raise
28.81,52.08,87,cool,raise
14.21,45.85,694,heat,keep
14.05,48.41,548,heat,keep
26.23,46.6,747,cool,keep
14.27,47.43,202,heat,raise
31.88,48.55,651,cool,keep
8.06,48.09,90,heat,raise
13.24,71.26,743,heat,keep
21.4,38.81,842,off,lower
21.06,27.66,174,off,raise
19.12,72.23,322,off,keep
23.37,51.62,409,off,keep
31.3,48.8,625,cool,keep
14.26,54.7,513,heat,lower
18.61,55.72,143,off,lower
28.83,46.76,410,cool,keep
23.46,64.91,522,off,keep
20.36,44.83,656,off,keep
21.52,47.76,623,off,keep
9.24,22.44,661,heat,keep
15.64,72.2,483,heat,keep
29.76,52.16,490,cool,keep
28.02,63.47,311,cool,keep
9.29,63.66,269,heat,raise
18.36,64.66,295,off,raise
20.2,59.93,494,off,keep
30.78,58.18,131,cool,raise
25.44,37.08,208,off,lower
16.06,41.54,92,heat,raise
11.86,53.38,426,heat,keep
24.65,43.89,536,off,keep
29.66,76.76,174,cool,raise
30.19,57.84,118,cool,raise
20.82,45.0,502,off,keep
21.58,50.77,218,off,raise
32.39,59.14,895,cool,lower
14.99,55.69,156,heat,raise
19.81,60.96,518,off,keep
13.65,56.41,834,heat,lower
17.08,37.35,111,heat,raise
24.56,23.89,472,off,keep
30.97,48.33,448,cool,keep
21.59,61.79,552,off,keep
24.47,48.17,880,off,lower
28.34,74.73,605,cool,keep
22.47,51.63,360,off,keep
10.39,75.67,407,heat,keep
27.74,70.61,633,cool,keep
15.54,68.26,319,heat,keep
13.73,34.76,671,heat,keep
19.07,55.21,402,off,keep
13.45,74.87,34,heat,raise
10.25,57.73,522,heat,keep
11.29,59.16,253,heat,raise
29.86,40.49,396,cool,keep
14.18,86.02,309,heat,keep
21.11,44.99,94,off,raise
24.8,28.34,272,off,raise
27.21,49.92,925,cool,lower
14.32,20.0,373,heat,keep
25.68,41.43,758,off,lower
30.34,95.0,399,cool,keep
13.18,50.53,63,heat,raise
14.36,35.35,896,heat,lower
24.03,52.9,920,off,lower
24.87,41.02,235,off,raise
11.59,71.38,163,heat,keep
25.53,43.27,970,off,lower
11.48,56.14,86,heat,raise
20.9,36.73,931,heat,lower
28.11,95.0,203,cool,raise
28.52,63.46,902,cool,lower
15.04,53.18,949,heat,lower
13.86,51.03,210,heat,raise
17.13,46.53,220,heat,raise
19.78,42.54,91,off,raise
13.0,41.51,785,heat,lower
23.68,82.2,351,off,keep
25.04,47.19,669,off,keep
22.73,24.47,612,off,keep
12.39,38.6,495,heat,keep
23.27,71.73,224,off,raise
30.03,52.12,416,cool,keep
22.11,54.64,525,off,keep
21.28,72.88,71,off,raise
28.47,41.45,445,cool,keep
21.46,64.04,721,off,keep
22.2,46.16,487,off,keep
16.42,64.99,410,off,raise
8.22,52.04,874,heat,lower
30.13,50.46,567,cool,keep
12.12,67.75,791,cool,lower
21.05,65.96,42,cool,raise
22.89,55.77,984,off,lower
22.49,48.68,778,off,lower
30.44,79.78,836,cool,lower
27.72,63.77,708,cool,keep
14.69,48.68,574,heat,keep
17.83,42.31,533,heat,keep
25.38,67.85,680,off,keep
28.12,57.09,541,cool,keep
31.33,52.66,747,cool,keep
18.1,57.09,320,off,keep
15.79,61.95,812,heat,lower
29.63,54.34,297,cool,raise
23.36,72.36,505,off,keep
29.37,73.47,49,cool,raise
32.02,63.47,952,cool,lower
23.21,74.86,668,off,keep
22.09,57.26,238,off,raise
15.09,65.33,56,heat,lower
18.17,70.57,887,off,lower
11.08,68.65,0,heat,raise
33.76,70.87,484,cool,keep
18.82,67.35,54,off,raise
21.79,81.63,735,off,keep
11.75,47.71,199,heat,raise
19.38,52.46,421,off,keep
24.11,52.35,548,off,keep
26.23,50.38,385,cool,keep
18.05,20.7,717,off,keep
22.81,77.14,523,off,keep
23.02,41.83,406,off,keep
17.76,60.0,373,heat,keep
26.75,31.78,365,cool,keep
20.68,64.25,349,off,keep
17.15,42.14,595,heat,keep
29.69,34.13,793,cool,lower
22.45,56.67,591,off,keep
28.95,42.32,28,cool,raise
27.81,47.06,872,cool,lower
16.28,54.31,801,heat,lower
28.0,65.04,793,cool,lower
21.58,41.69,93,off,raise
27.43,41.67,859,cool,lower
33.75,60.91,478,cool,keep
9.51,63.69,866,heat,lower
24.66,74.88,842,off,keep
22.14,37.57,881,off,lower
30.34,51.55,99,cool,raise
25.74,69.94,589,off,keep
16.33,86.79,756,heat,lower
12.23,40.65,583,heat,keep
20.37,43.67,858,cool,lower
10.98,57.35,751,heat,raise
24.23,48.17,13,off,raise
20.77,42.09,215,off,raise
19.76,58.97,657,off,keep
21.11,77.93,366,off,keep
19.04,32.19,374,off,keep
17.79,77.01,949,heat,lower
14.69,43.96,113,heat,raise
10.76,58.88,537,heat,keep
22.63,79.73,312,off,keep
21.38,61.28,58,off,raise
25.46,50.5,412,off,keep
18.03,64.0,430,off,keep
15.37,51.11,456,heat,keep
32.77,61.49,165,cool,raise
21.06,47.66,786,off,lower
16.49,68.06,382,heat,keep
18.96,30.75,590,off,keep
15.57,39.95,586,heat,keep
19.94,30.95,564,heat,keep
17.7,51.74,525,heat,keep
26.59,33.39,354,cool,keep
17.25,44.67,518,heat,keep
32.02,34.62,583,cool,keep
22.09,76.08,15,off,lower
24.46,40.66,729,off,keep
20.61,34.46,484,off,keep
31.43,58.04,253,cool,raise
20.1,80.79,33,off,raise
29.52,53.35,337,cool,keep
24.8,52.43,428,off,keep
24.93,74.41,803,off,lower
15.92,67.6,628,heat,keep
28.41,64.83,425,cool,keep
27.39,46.06,139,cool,raise
11.55,62.11,293,heat,lower
16.91,35.11,937,heat,lower
15.42,45.0,148,heat,raise
21.62,75.03,655,cool,keep
15.01,75.45,525,heat,keep
9.69,62.5,235,heat,raise
27.4,30.22,877,cool,lower
30.46,38.36,418,cool,keep
12.0,46.33,655,heat,keep
26.73,53.86,111,cool,raise
19.81,34.86,999,off,raise
30.73,48.79,14,cool,raise
27.84,79.5,332,cool,keep
21.42,62.39,975,off,lower
28.88,61.13,627,cool,keep
13.1,41.2,714,heat,keep
28.87,30.08,349,cool,keep
21.72,39.93,792,off,lower
22.77,28.92,973,off,lower
21.68,53.83,630,off,keep
25.16,61.26,254,off,raise
13.53,43.1,859,heat,lower
21.67,55.53,40,off,raise
21.88,73.63,889,off,lower
35.65,84.44,11,cool,raise
31.49,68.1,38,cool,raise
24.05,46.45,80,off,raise
19.95,68.03,188,off,raise
20.06,72.54,730,off,lower
17.66,26.34,433,heat,keep
13.81,73.24,99,heat,raise
21.78,43.88,340,off,keep
20.63,48.21,996,off,lower
20.33,52.11,509,off,keep
26.2,59.78,777,cool,lower
32.44,43.12,282,cool,raise
10.37,48.68,537,heat,keep
27.31,60.81,828,cool,lower
17.37,57.67,641,heat,keep
20.1,60.01,0,off,raise
32.46,50.71,613,cool,keep
11.58,63.92,834,heat,lower
29.94,71.98,101,cool,raise
17.73,71.03,428,heat,keep
27.52,64.64,704,cool,keep
25.12,68.1,0,off,raise
21.48,68.74,727,off,keep
33.14,95.0,879,cool,lower
19.99,73.26,559,off,keep
21.95,53.25,402,off,keep
9.27,37.2,102,heat,raise
28.55,51.25,736,cool,keep
21.92,51.21,957,heat,lower
14.9,62.56,950,heat,lower
31.86,42.93,556,cool,keep
27.14,69.52,46,cool,raise
18.91,35.06,288,off,raise
9.69,30.58,274,heat,raise
29.63,55.75,20,cool,keep
10.29,39.46,143,heat,raise
13.3,35.19,568,heat,keep
32.42,42.8,103,cool,raise
28.28,45.63,43,cool,raise
14.59,57.63,926,heat,lower
13.78,49.54,595,heat,keep
17.9,47.96,846,heat,lower
20.72,56.51,242,off,raise
27.55,71.09,438,cool,keep
25.85,78.21,649,off,keep
20.69,57.31,714,off,keep
28.75,59.62,414,cool,keep
24.91,56.53,960,off,lower
26.79,62.66,724,cool,keep
10.87,60.9,190,heat,raise
20.26,75.28,116,off,raise
11.16,26.37,48,heat,raise
23.34,51.98,849,off,lower
26.42,59.72,797,cool,lower
32.04,56.89,463,cool,keep
30.86,43.0,783,cool,lower
15.12,39.84,906,heat,lower
22.79,67.05,200,off,raise
21.39,44.22,1004,off,lower
17.95,29.17,488,heat,keep
25.69,68.25,501,heat,keep
23.69,64.14,154,off,raise
28.36,50.01,681,cool,keep
9.75,42.2,628,heat,keep
23.8,57.29,22,off,raise
21.87,75.96,682,off,keep
24.69,33.28,155,heat,raise
17.47,33.22,295,heat,raise
30.05,44.39,610,heat,keep
23.28,53.1,757,off,lower
21.32,46.07,116,off,raise
29.6,62.37,465,cool,keep
23.76,73.23,298,off,keep
25.19,62.12,702,off,keep
14.63,64.28,811,heat,lower
18.05,60.69,626,off,keep
25.05,55.73,823,off,lower
28.88,36.73,478,cool,keep
28.78,35.35,599,heat,keep
23.67,35.37,288,off,raise
25.32,51.92,1023,off,raise
20.04,58.4,213,off,raise
30.71,33.71,972,cool,lower
26.42,54.66,759,cool,lower
22.78,39.72,989,off,lower
22.33,37.47,684,off,keep
29.91,42.72,352,cool,keep
31.39,35.88,267,cool,raise
19.35,62.06,205,off,raise
17.13,49.61,1023,heat,lower
20.51,68.29,113,off,raise
27.87,46.55,803,cool,lower
30.78,45.19,753,cool,lower
17.49,82.3,138,heat,raise
14.56,28.43,942,heat,lower
22.98,77.19,155,off,raise
36.27,80.08,192,cool,raise
18.39,63.55,529,off,keep
17.31,51.18,74,heat,raise
6.33,76.57,151,heat,raise
16.85,49.7,617,heat,keep
13.25,47.56,1010,heat,lower
25.43,47.22,88,off,raise
29.69,48.52,658,cool,keep
24.52,39.98,593,off,keep
10.7,71.61,82,heat,raise
16.04,41.9,187,heat,raise
24.86,53.18,462,off,keep
22.42,32.47,690,off,keep
19.93,51.66,234,off,raise
17.96,38.35,409,heat,keep
22.73,37.52,477,off,keep
29.98,50.37,721,cool,keep
27.12,72.17,253,cool,keep
14.49,64.52,674,heat,lower
23.05,61.31,857,off,lower
32.87,51.48,609,cool,keep
17.55,52.19,732,heat,keep
25.96,67.67,117,cool,raise
23.08,46.28,930,off,keep
28.53,69.15,353,cool,keep
20.03,74.09,213,off,raise
27.15,45.24,561,cool,keep
11.27,44.55,384,heat,keep
15.69,47.67,486,heat,keep
30.5,35.19,829,cool,lower
21.18,43.06,565,off,raise
19.56,76.79,354,off,keep
33.44,38.31,822,cool,lower
30.96,75.88,376,cool,keep
30.58,51.83,990,cool,lower
23.05,86.1,960,off,lower
29.31,43.86,470,cool,keep
24.56,52.73,802,off,lower
20.12,38.44,742,off,keep
20.9,49.08,880,off,lower
16.57,74.99,417,heat,keep
31.81,65.41,432,cool,keep
12.21,69.77,322,heat,keep
14.17,35.33,578,heat,keep
29.99,66.71,619,cool,keep
22.31,38.22,481,off,keep
29.89,34.74,337,cool,lower
18.27,60.4,488,off,keep
20.0,58.0,539,off,keep
15.09,54.83,91,heat,raise
23.85,67.99,663,off,keep
29.22,70.91,877,cool,lower
18.69,80.17,326,off,keep
14.91,35.79,408,heat,keep
10.9,76.37,91,heat,raise
16.65,82.29,584,heat,keep
9.64,50.94,430,heat,keep
36.14,27.58,848,cool,lower
22.17,31.97,909,cool,lower
31.33,46.64,790,cool,lower
14.63,83.34,213,heat,raise
27.66,57.02,216,cool,raise
28.97,47.38,489,cool,keep
27.3,43.76,674,cool,keep
29.87,34.77,62,cool,raise
30.66,63.04,494,cool,lower
20.83,52.7,92,off,raise
14.8,88.99,296,heat,raise
24.85,63.4,350,off,keep
27.58,65.26,22,cool,raise
25.8,54.12,300,off,keep
28.64,36.41,661,cool,keep
28.64,44.99,1023,cool,lower
27.17,40.24,805,cool,lower
26.21,68.44,306,cool,keep
14.73,51.71,930,heat,lower
14.26,65.95,453,heat,keep
12.75,53.61,393,heat,keep
18.51,49.01,898,off,lower
22.77,39.1,434,off,keep
30.42,59.53,775,cool,lower
15.35,51.35,221,heat,raise
33.0,65.95,301,cool,keep
18.55,44.01,1013,off,lower
18.56,62.95,225,off,raise
16.41,77.77,907,heat,lower
26.43,57.07,463,cool,keep
12.09,67.16,1005,heat,lower
16.45,62.14,413,heat,keep
24.09,83.46,517,off,keep
23.19,57.04,401,off,keep
12.02,66.51,213,heat,raise
22.87,54.94,872,off,lower
10.54,42.92,608,cool,keep
20.57,37.2,514,off,keep
12.77,75.87,403,heat,keep
32.16,36.98,815,cool,lower
23.0,66.32,345,off,keep
20.63,58.63,290,off,raise
10.74,68.94,102,heat,lower
16.78,46.76,883,heat,lower
18.77,43.09,89,off,raise
34.52,62.37,890,cool,lower
25.83,52.25,401,off,keep
18.74,38.71,7,off,raise
31.4,83.29,861,cool,lower
13.72,44.54,733,heat,keep
33.98,41.11,756,cool,lower
22.86,50.63,536,off,keep
27.99,74.03,790,cool,lower
20.44,22.23,158,off,raise
22.24,75.34,236,off,raise
14.15,42.95,511,heat,keep
13.27,58.3,733,off,keep
19.15,44.05,619,off,keep
27.11,86.79,447,cool,lower
25.55,59.55,635,off,keep
31.43,45.01,62,cool,raise
20.9,51.8,483,off,keep
32.89,58.95,406,heat,keep
12.33,57.32,506,heat,keep
12.38,61.75,193,heat,raise
22.13,55.95,911,off,lower
10.12,33.48,900,heat,lower
18.12,53.29,990,off,lower
26.83,63.22,855,cool,lower
13.39,45.07,682,heat,keep
28.9,68.92,294,cool,raise
27.84,51.75,97,cool,raise
9.26,52.17,605,heat,lower
30.13,71.59,958,cool,lower
12.39,28.93,343,heat,keep
32.4,42.46,1003,cool,lower
26.6,72.74,152,cool,raise
15.87,82.5,294,heat,raise
14.11,89.77,675,heat,keep
32.77,57.55,499,cool,keep
18.41,57.22,758,off,lower
9.97,67.01,363,heat,keep
28.15,73.78,812,cool,lower
19.89,59.57,295,off,raise
24.7,68.96,127,off,raise
17.1,60.24,570,heat,keep
21.67,59.74,519,off,keep
30.82,41.66,608,cool,raise
11.85,48.07,41,heat,raise
14.61,47.96,420,heat,keep
24.18,35.29,139,off,raise
24.12,31.61,823,heat,lower
12.49,48.54,117,heat,raise
22.02,51.07,984,off,lower
20.31,56.08,86,off,raise
21.22,62.52,633,off,keep
21.27,57.36,343,off,keep
21.69,53.51,113,off,raise
25.22,38.2,387,off,keep
21.24,66.86,20,off,raise
22.44,55.59,707,off,keep
29.17,50.13,932,cool,lower
32.63,54.89,352,cool,keep
25.71,43.89,472,off,keep
21.28,44.4,112,off,raise
29.94,44.35,482,cool,keep
22.12,50.09,977,off,lower
23.51,66.36,549,off,keep
28.94,60.6,865,cool,lower
21.4,77.54,816,off,lower
19.34,73.97,153,off,raise
15.57,84.4,46,heat,raise
20.75,62.51,390,heat,keep
20.22,61.14,1012,off,lower
28.72,49.58,210,cool,raise
11.72,69.49,38,heat,raise
21.25,43.04,954,off,lower
33.02,32.14,207,cool,raise
30.43,79.23,422,cool,raise
13.01,33.99,831,heat,lower
11.71,62.31,99,heat,raise
18.57,41.14,214,off,raise
31.46,69.47,773,cool,lower
15.12,77.5,0,heat,raise
24.52,62.25,754,off,lower
24.51,74.74,557,off,keep
16.16,52.87,224,heat,raise
23.27,91.62,630,off,keep
14.59,70.09,339,heat,keep
23.19,38.49,951,off,lower
15.71,55.71,421,heat,keep
25.42,55.37,757,off,lower
23.71,50.31,293,off,raise
14.76,30.96,845,heat,lower
11.78,57.44,252,heat,raise
18.78,32.64,508,off,keep
16.4,20.0,796,heat,lower
12.8,48.66,915,heat,lower
13.29,42.94,798,heat,lower
25.78,39.05,703,off,keep
11.7,20.0,684,heat,keep
34.27,39.56,383,cool,keep
24.44,55.48,700,off,keep
30.89,44.12,554,cool,keep
21.89,62.41,527,off,keep
17.55,77.29,321,heat,keep
21.94,60.78,366,off,keep
12.23,69.24,134,heat,raise
25.83,70.72,717,off,keep
19.1,38.94,23,off,raise
33.12,58.99,151,cool,raise
22.7,71.0,246,off,raise
15.04,47.08,152,heat,raise
17.28,42.91,737,heat,keep
26.03,64.97,164,cool,raise
26.77,33.92,487,cool,keep
24.03,37.44,769,heat,lower
16.93,47.08,581,heat,keep
30.21,63.09,611,cool,keep
17.17,56.87,361,heat,keep
20.16,69.46,400,off,keep
30.96,43.17,788,cool,lower
22.83,41.93,502,off,keep
26.01,59.85,680,cool,keep
31.4,41.01,862,cool,lower
17.81,47.34,252,heat,raise
28.22,24.8,158,cool,raise
15.42,60.97,463,heat,keep
30.68,81.99,396,cool,keep
14.55,40.31,161,heat,raise
29.67,68.48,707,heat,keep
23.09,54.46,629,off,keep
21.69,30.59,675,off,keep
20.9,41.78,667,off,keep
23.94,41.62,461,off,keep
33.96,48.65,524,cool,keep
31.23,59.85,231,off,raise
29.84,84.55,766,cool,lower
31.47,32.11,958,cool,lower
28.21,42.56,895,heat,lower
30.45,40.95,438,cool,keep
33.44,36.61,52,cool,raise
13.89,58.55,851,heat,lower
18.97,58.31,589,off,raise
17.43,27.96,797,heat,lower
20.35,56.59,330,off,keep
29.16,37.16,873,cool,lower
32.74,55.89,833,cool,lower
19.33,73.67,0,off,raise
22.97,62.72,614,off,keep
12.87,56.2,495,heat,keep
28.99,51.03,707,cool,keep
18.4,51.22,303,cool,keep
22.1,64.59,81,heat,raise
29.74,62.6,259,cool,raise
27.04,54.25,534,cool,keep
11.03,55.9,291,heat,raise
12.72,31.9,439,heat,keep
27.06,45.2,409,heat,keep
34.38,68.3,720,cool,keep
33.24,68.07,391,cool,keep
22.59,58.01,119,off,raise
15.33,76.27,660,heat,keep
30.87,63.28,268,cool,raise
23.8,53.95,299,off,raise
18.82,36.08,731,off,keep
30.96,78.95,263,cool,raise
36.88,63.29,68,cool,raise
15.12,80.75,353,heat,keep
24.88,88.59,390,off,keep
17.45,39.5,763,heat,lower
29.52,35.76,728,cool,keep
18.51,20.0,0,off,raise
9.13,72.54,791,heat,lower
18.03,64.59,792,off,lower
11.3,57.8,193,heat,raise
23.91,35.94,342,off,keep
10.43,53.95,762,heat,lower
24.47,56.65,567,off,keep
29.46,71.26,342,cool,keep
22.82,61.48,769,off,lower
14.67,68.49,632,heat,keep
22.16,51.56,553,off,keep
28.12,69.07,29,cool,raise
13.88,63.89,693,heat,keep
14.5,42.23,164,off,raise
28.0,75.19,918,cool,lower
30.0,75.49,194,cool,raise
22.31,59.93,40,off,raise
18.86,57.55,386,off,raise
16.36,79.72,365,cool,keep
25.44,34.72,399,off,keep
23.43,75.82,943,off,lower
30.55,43.75,301,heat,keep
27.92,72.76,869,cool,lower
15.82,54.51,168,heat,raise
30.2,34.99,650,cool,keep
20.64,48.57,113,off,raise
27.59,73.12,209,cool,raise
14.07,54.55,161,heat,raise
26.49,46.34,297,cool,raise
27.27,46.27,482,cool,keep
22.82,67.33,849,off,lower
20.4,78.11,811,off,lower
14.53,26.54,705,heat,keep
23.73,95.0,536,off,keep
24.01,58.58,286,off,raise
30.07,62.71,296,cool,raise
20.37,46.14,156,off,raise
12.86,55.87,687,heat,keep
28.68,58.36,797,cool,lower
15.27,39.05,549,heat,keep
30.96,42.61,580,cool,keep
28.9,75.82,439,cool,keep
19.57,36.1,944,off,lower
12.49,64.12,877,heat,lower
24.17,50.0,445,off,keep
27.56,37.31,800,cool,lower
12.59,85.83,333,heat,keep
26.14,42.03,82,cool,raise
20.13,39.59,328,heat,keep
17.06,49.91,827,heat,lower
29.39,45.17,480,cool,keep
23.09,58.22,888,off,lower
26.5,55.37,303,cool,keep
21.97,59.89,494,off,keep
18.57,51.52,74,off,raise
23.49,44.26,776,off,lower
28.97,62.75,299,cool,raise
26.68,52.62,125,cool,raise
23.82,46.88,217,off,raise
32.89,78.02,696,cool,keep
13.79,54.96,833,heat,lower
9.86,73.81,933,heat,lower
11.45,72.1,259,heat,raise
16.48,75.03,630,heat,keep
13.65,63.17,515,off,keep
27.62,54.77,684,off,keep
33.42,54.12,609,cool,keep
26.56,49.49,86,cool,raise
13.05,23.61,137,heat,raise
12.19,65.47,568,off,keep
12.8,58.98,546,heat,keep
22.5,69.83,894,off,lower
31.12,52.39,835,cool,lower
26.1,66.67,56,cool,raise
28.47,37.22,612,cool,keep
22.84,40.22,420,off,keep
13.34,20.0,497,off,keep
18.04,51.04,77,off,raise
31.37,41.99,816,cool,raise
14.34,38.28,167,heat,raise
12.99,61.39,974,heat,lower
19.94,50.11,943,off,lower
14.58,33.74,819,heat,lower
8.84,90.42,101,heat,raise
32.22,53.71,410,cool,keep
29.17,41.51,46,cool,raise
10.73,46.17,664,heat,keep
15.58,53.97,917,heat,lower
16.78,58.99,499,heat,keep
18.23,75.19,0,off,raise
7.29,49.49,326,heat,lower
20.0,80.63,206,heat,raise
26.0,49.12,420,off,keep
18.24,61.43,384,off,keep
17.64,69.99,820,heat,lower
31.0,72.62,232,cool,raise
23.9,73.11,290,off,raise
24.14,51.67,247,off,raise
11.4,57.71,879,heat,lower
23.62,21.27,260,off,raise
29.61,55.47,1023,cool,lower
14.24,69.46,683,heat,keep
18.9,68.41,367,off,keep
20.81,53.08,645,off,keep
34.34,81.67,84,cool,raise
11.9,49.07,934,heat,lower
28.45,43.81,947,cool,lower
35.15,50.89,292,cool,raise
29.77,38.36,127,cool,raise
27.26,64.58,398,cool,keep
35.04,60.15,767,cool,lower
24.82,65.5,627,off,keep
24.76,50.15,40,off,raise
36.21,57.23,0,cool,raise
15.99,20.0,244,heat,raise
26.37,61.29,800,cool,lower
28.86,56.28,272,cool,raise
19.97,37.89,913,off,raise
22.03,54.95,312,off,keep
29.32,53.73,878,cool,lower
26.44,80.28,964,heat,lower
25.62,42.46,715,off,raise
20.9,57.11,217,off,raise
25.68,39.82,92,off,raise
24.63,44.85,190,off,raise
16.07,57.87,663,heat,keep
18.59,51.95,707,off,raise
26.39,54.11,989,cool,lower
30.7,54.26,951,cool,lower
29.33,48.82,358,cool,keep
24.39,69.82,400,off,keep
26.26,50.1,762,cool,lower
26.8,53.06,803,cool,lower
14.91,59.67,329,heat,keep
31.09,54.98,22,cool,raise
21.66,61.03,75,off,raise
32.16,61.36,861,cool,lower
27.74,64.16,379,cool,keep
21.91,51.31,748,off,keep
19.63,39.73,821,off,lower
15.5,35.15,898,heat,lower
18.84,31.37,514,off,keep
18.38,79.87,636,off,keep
22.03,22.25,168,off,raise
16.8,72.31,991,heat,lower
22.88,42.12,878,off,lower
19.55,75.08,351,off,keep
18.26,25.11,408,off,keep
21.59,46.78,706,off,keep
28.1,76.3,414,cool,keep
23.22,65.08,714,off,keep
35.98,52.26,73,off,raise
20.04,22.95,330,off,keep
39.12,29.18,796,cool,lower
20.45,77.48,950,cool,lower
26.14,51.7,45,cool,raise
21.21,50.35,780,off,lower
22.65,59.0,96,off,raise
20.82,38.52,896,off,lower
10.39,58.95,277,heat,raise
23.69,48.91,352,off,keep
29.19,60.42,745,cool,keep
27.04,43.47,860,cool,lower
14.73,30.28,452,heat,keep
16.45,45.21,308,heat,keep
18.9,64.28,1023,off,lower
11.25,59.33,995,heat,lower
22.09,55.88,532,off,keep
20.94,69.74,17,off,raise
16.08,54.72,991,heat,lower
23.44,60.51,618,off,keep
22.78,48.22,582,off,keep
25.31,68.72,113,off,raise
31.03,58.62,1023,cool,lower
14.15,44.72,724,heat,keep
12.59,33.56,218,heat,raise
16.43,70.58,361,heat,keep
30.45,44.88,397,cool,keep
28.9,54.21,854,cool,lower
17.51,89.36,489,heat,keep
27.95,67.89,900,cool,lower
12.12,78.92,675,heat,keep
16.57,43.09,442,heat,lower
26.08,71.03,391,cool,keep
22.81,53.8,829,off,lower
29.44,62.85,553,cool,keep
29.65,87.25,687,cool,keep
16.25,46.25,128,heat,raise
16.79,56.89,427,heat,keep
33.16,42.23,588,cool,keep
25.93,65.36,378,off,keep
20.91,48.35,857,off,lower
30.46,67.78,148,cool,lower
26.5,32.54,868,cool,lower
23.3,61.94,65,off,raise
17.07,42.31,441,heat,keep
15.02,70.2,524,heat,keep
24.71,51.7,237,off,raise
19.08,45.36,546,off,keep
11.69,47.98,966,off,lower
22.0,41.33,452,off,keep
25.9,68.96,567,off,keep
22.66,39.39,947,heat,lower
16.41,53.0,937,heat,lower
12.9,60.92,0,heat,raise
24.82,75.86,775,off,lower
22.33,55.96,831,off,lower
29.02,51.83,974,cool,lower
26.02,57.86,828,cool,lower
25.91,28.05,90,off,raise
22.72,38.24,717,off,keep
21.51,51.25,813,off,lower
20.56,46.26,539,off,keep
16.36,30.15,0,heat,raise
11.91,69.13,177,heat,raise
19.81,59.53,270,off,raise
19.48,55.99,856,off,lower
24.25,42.15,97,off,raise
18.13,56.24,761,off,lower
23.07,63.89,135,off,raise
21.43,51.06,839,off,lower
20.81,61.3,0,off,raise
21.39,43.11,240,off,raise
14.77,55.89,163,heat,raise
22.21,75.24,542,off,keep
12.46,74.02,809,heat,lower
17.61,73.94,430,heat,keep
20.51,55.67,559,off,keep
27.73,55.08,649,cool,keep
33.88,47.11,501,cool,keep
31.32,26.66,787,cool,keep
9.67,36.71,307,heat,keep
12.4,52.64,141,heat,raise
25.06,50.01,193,off,raise
29.31,77.42,165,cool,raise
30.71,71.56,16,cool,raise
33.79,46.09,28,cool,raise
34.74,66.32,51,cool,raise
26.95,48.02,171,cool,raise
27.94,65.19,673,cool,keep
28.12,66.79,268,cool,raise
14.15,74.05,605,cool,keep
19.24,47.77,75,off,raise
30.02,73.95,810,cool,lower
10.12,27.36,357,heat,keep
14.83,74.94,431,heat,keep
20.03,53.21,680,off,keep
14.66,55.71,1023,heat,raise
26.43,22.39,850,cool,raise
25.57,51.47,406,off,keep
27.39,72.36,333,cool,keep
22.19,46.91,370,off,raise
17.37,62.44,34,heat,raise
29.02,56.36,371,cool,keep
13.2,70.09,741,heat,keep
20.8,59.24,298,off,raise
21.26,39.07,388,off,keep
30.6,56.91,78,cool,raise
9.8,80.18,309,heat,keep
14.14,62.89,49,heat,raise
32.72,53.32,455,cool,keep
11.58,89.11,305,heat,keep
28.0,70.57,1023,cool,lower
17.99,65.1,607,heat,keep
22.83,60.85,382,off,keep
11.62,65.22,554,heat,keep
11.67,67.35,956,heat,lower
18.04,25.36,188,off,raise
16.49,60.01,249,heat,raise
31.25,51.39,591,cool,keep
15.47,46.85,127,heat,raise
30.36,52.15,498,cool,keep
21.48,32.89,152,off,raise
29.77,27.87,897,cool,lower
16.6,77.85,767,heat,lower
15.73,62.77,22,heat,lower
20.63,20.37,538,off,keep
24.75,46.28,223,off,raise
19.06,70.23,620,off,keep
28.2,50.39,562,cool,keep
18.89,72.39,1023,off,lower
27.67,72.56,164,cool,raise
17.45,34.53,534,heat,keep
24.09,53.34,960,off,lower
22.02,50.24,159,heat,raise
23.92,34.44,293,off,raise
23.82,32.89,752,off,lower
28.73,41.84,66,cool,raise
15.39,47.51,229,heat,lower
21.27,58.56,959,off,lower
15.11,70.56,606,heat,keep
14.77,63.28,20,heat,raise
30.55,66.82,880,cool,lower
14.6,53.03,527,heat,lower
14.23,63.91,468,heat,keep
20.05,55.53,1023,off,lower
30.35,47.88,319,cool,keep
21.07,84.2,381,off,keep
23.69,20.0,607,off,keep
11.91,31.09,294,heat,raise
16.89,60.04,135,heat,raise
24.16,50.5,95,off,raise
11.25,33.67,275,heat,raise
14.82,38.65,82,off,raise
11.81,41.76,541,heat,keep
21.66,70.84,1020,off,lower
31.32,73.48,272,cool,raise
27.83,79.96,39,cool,raise
18.9,30.71,64,off,raise
25.12,33.48,185,off,lower
12.28,33.66,573,heat,keep
29.94,74.35,492,cool,keep
21.81,63.6,371,off,keep
24.55,54.28,783,off,lower
18.62,61.35,391,off,keep
25.37,53.85,634,off,keep
33.23,38.48,1023,cool,lower
14.47,60.57,180,heat,raise
21.17,53.33,149,off,raise
10.05,35.07,222,heat,raise
17.34,64.36,161,heat,raise
13.07,49.16,882,heat,lower
15.45,57.76,944,heat,lower
27.53,48.99,572,heat,keep
9.62,72.69,120,heat,raise
23.85,56.19,859,off,lower
32.65,42.29,950,cool,lower
23.99,58.37,411,off,keep
30.27,62.42,644,cool,keep
21.81,61.91,650,cool,keep
23.91,69.03,560,off,keep
16.26,46.95,389,heat,keep
20.62,62.48,318,off,keep
24.03,28.3,286,off,raise
15.8,54.58,374,heat,keep
21.47,53.89,803,off,lower
23.4,74.79,814,off,lower
22.82,51.43,107,off,raise
12.43,64.82,56,heat,raise
16.89,24.58,512,heat,keep
28.15,52.44,772,cool,lower
17.08,40.31,556,heat,lower
13.68,91.26,836,heat,lower
27.07,45.52,741,cool,keep
27.91,56.2,720,cool,keep
19.64,54.97,514,off,keep
25.15,34.6,23,off,raise
26.38,41.96,187,cool,raise
24.65,58.83,764,off,lower
22.09,55.01,316,off,keep
16.09,20.0,728,heat,keep
13.33,48.93,366,heat,keep
17.63,67.0,22,heat,raise
23.81,66.94,700,off,keep
29.11,72.71,922,cool,lower
23.49,37.49,495,off,keep
31.64,70.01,109,cool,raise
16.39,53.9,413,heat,keep
12.92,77.48,974,off,lower
24.6,55.52,357,off,keep
20.92,23.39,62,off,raise
14.25,69.65,766,heat,lower
21.87,48.06,240,off,raise
8.63,48.51,40,heat,raise
22.25,35.15,735,off,keep
19.11,79.79,336,off,keep
26.5,48.73,122,cool,raise
18.06,80.92,32,off,raise
28.95,47.94,180,cool,raise
22.81,41.16,217,off,raise
22.06,76.48,20,off,raise
7.64,49.0,393,heat,keep
20.28,53.84,845,off,lower
21.41,35.33,408,off,keep
13.73,48.88,57,heat,raise
26.67,59.83,916,cool,lower
13.09,37.7,655,heat,keep
22.34,45.44,987,off,lower
18.68,47.78,587,off,keep
14.59,54.67,498,heat,keep
33.31,79.65,525,cool,keep
9.54,46.33,59,heat,raise
23.06,48.22,410,off,keep
11.84,95.0,435,heat,keep
27.4,47.37,276,cool,raise
22.77,54.19,847,off,lower
32.59,49.89,951,cool,lower
23.14,54.15,477,off,keep
18.0,58.07,779,off,lower
22.66,73.2,219,off,raise
13.28,57.94,936,heat,lower
32.32,71.54,723,cool,keep
20.76,67.21,745,off,keep
20.17,57.09,586,off,keep
32.87,65.14,878,cool,lower
28.91,72.57,556,cool,keep
16.09,40.3,973,heat,lower
20.36,93.5,655,off,keep
16.04,48.21,427,heat,keep
18.31,48.69,174,off,raise
13.43,35.4,954,off,lower
32.0,36.17,80,cool,raise
14.8,64.15,29,heat,raise
25.32,88.89,65,off,raise
19.08,46.97,125,off,raise
26.2,58.97,257,cool,raise
21.1,58.04,523,off,keep
22.83,71.05,298,off,raise
31.52,90.05,467,cool,keep
24.89,75.42,451,off,keep
16.61,49.83,445,heat,keep
20.75,64.44,19,off,raise
16.74,65.6,529,heat,keep
18.99,57.39,351,off,keep
15.2,41.17,530,heat,keep
15.26,47.85,15,cool,raise
33.58,71.64,913,cool,lower
13.74,76.93,745,heat,keep
21.52,50.05,361,off,keep
16.35,63.7,364,heat,keep
19.55,73.87,345,off,keep
14.33,30.52,1023,heat,lower
17.0,50.28,704,heat,keep
25.25,82.56,486,off,keep
16.86,57.34,691,heat,keep
19.55,38.29,50,off,raise
17.12,57.45,886,heat,lower
22.94,74.49,637,off,keep
24.41,20.0,284,off,raise
22.43,60.72,748,off,keep
18.61,48.88,0,off,lower
22.5,29.81,484,off,keep
25.25,55.9,983,off,lower
16.12,52.34,803,heat,lower
18.3,55.61,47,off,raise
7.6,48.99,588,heat,lower
24.2,36.86,689,off,keep
14.22,32.64,529,heat,raise
20.03,45.55,350,off,keep
31.66,65.08,684,cool,keep
21.51,59.66,416,off,keep
22.04,56.32,934,off,lower
19.26,42.36,843,off,lower
10.52,50.07,928,heat,lower
9.8,62.45,400,heat,keep
12.31,63.87,649,heat,keep
8.97,49.78,171,heat,raise
23.08,20.0,744,off,keep
22.43,44.73,739,off,keep
17.84,48.73,833,heat,lower
22.1,44.97,41,cool,raise
29.42,48.29,491,cool,keep
24.25,69.03,293,off,raise
19.47,55.07,969,off,lower
13.53,70.24,572,heat,keep
16.31,35.04,617,heat,keep
21.2,48.76,421,off,keep
12.3,26.38,83,heat,raise
17.0,48.66,631,heat,keep
17.33,36.3,597,heat,keep
30.62,76.68,370,cool,keep
24.04,62.8,640,off,keep
19.03,70.29,433,off,keep
29.43,48.04,638,cool,keep
14.46,39.7,357,heat,keep
30.74,40.64,759,cool,lower
9.63,59.09,894,heat,lower
19.28,80.82,518,off,keep
11.31,60.15,0,heat,raise
26.39,49.35,691,cool,keep
22.54,50.3,965,off,lower
25.81,55.2,743,off,keep
13.29,83.81,352,heat,keep
20.52,71.6,608,off,keep
23.78,65.29,361,off,keep
17.46,60.53,804,heat,lower
17.63,59.78,738,heat,keep
16.4,64.12,658,heat,keep
22.88,50.84,447,off,keep
24.8,42.19,169,off,raise
29.26,71.05,630,cool,keep
27.37,54.81,334,cool,keep
14.66,71.74,910,heat,lower
20.64,82.23,46,off,raise
13.57,65.93,865,heat,lower
21.37,60.91,778,off,lower
20.4,95.0,508,off,keep
10.02,57.95,937,heat,lower
22.34,42.74,767,heat,lower
23.98,49.86,83,off,raise
16.23,75.68,417,cool,keep
26.09,39.64,838,cool,lower
19.16,45.03,762,off,lower
15.84,72.63,124,off,raise
22.76,50.2,189,off,raise
14.87,51.66,977,heat,lower
30.61,69.6,50,heat,raise
26.57,44.52,993,cool,lower
13.3,32.67,564,heat,keep
21.62,30.29,806,cool,lower
18.16,67.11,245,heat,raise
18.5,58.05,375,off,keep
14.01,47.09,721,heat,keep
14.25,36.21,186,heat,raise
15.29,51.25,99,heat,raise
20.9,73.69,616,off,keep
28.95,44.13,17,off,raise
27.74,44.52,969,cool,lower
28.89,38.16,713,off,keep
29.12,50.84,708,cool,keep
25.26,59.78,526,off,keep
13.34,84.5,609,heat,keep
16.38,57.02,969,heat,lower
30.98,53.44,1,cool,raise
16.61,68.0,277,off,raise
13.58,68.63,713,heat,keep
33.71,48.15,119,cool,raise
10.07,87.9,286,heat,raise
23.36,58.31,12,cool,raise
17.32,58.39,44,heat,raise
22.32,64.61,407,off,keep
20.65,58.31,669,off,keep
23.25,76.98,79,off,raise
14.16,48.23,999,heat,lower
29.95,64.99,799,cool,lower
20.92,57.58,650,off,keep
18.69,70.68,52,off,raise
9.55,49.73,491,heat,keep
33.74,46.19,929,cool,lower
32.03,67.8,219,cool,raise
28.77,66.1,606,cool,keep
19.46,43.61,614,off,keep
18.99,76.49,746,off,keep
26.87,64.22,907,cool,lower
18.45,56.83,129,off,raise
15.98,47.22,33,heat,raise
22.74,62.79,137,off,raise
31.19,66.12,293,cool,raise
21.58,32.35,335,off,keep
22.22,61.82,908,off,lower
14.42,65.91,494,heat,keep
18.12,20.28,758,off,lower
21.54,59.88,584,off,keep
24.01,63.97,993,off,lower
34.83,63.24,361,cool,keep
22.74,69.97,685,off,keep
24.11,50.43,273,off,raise
21.71,38.75,157,off,raise
15.58,30.07,1023,off,lower
13.34,73.06,7,heat,raise
24.7,62.95,281,off,raise
14.3,73.99,451,heat,keep
16.58,44.4,111,heat,raise
24.76,68.48,790,off,lower
27.93,32.48,380,cool,keep
22.14,42.89,496,off,keep
16.27,53.23,311,heat,keep
34.1,63.16,942,cool,lower
14.96,81.67,420,heat,keep
25.36,56.64,819,off,lower
13.72,42.75,648,heat,lower
22.32,39.86,975,off,lower
25.39,44.95,625,off,keep
15.07,86.53,987,heat,lower
16.81,68.85,707,heat,keep
32.86,71.78,27,cool,raise
12.64,53.52,148,heat,raise
19.91,54.67,836,off,lower
12.79,67.77,57,heat,raise
12.93,44.17,201,heat,lower
10.6,50.68,769,heat,lower
22.6,45.96,371,cool,keep
24.28,47.75,220,off,raise
16.5,56.45,215,heat,raise
19.19,43.36,357,off,keep
13.91,61.39,846,heat,lower
26.28,60.51,458,cool,keep
21.87,53.1,998,off,lower
9.54,44.35,717,off,keep
25.51,53.87,276,off,keep
12.0,45.92,117,heat,lower
26.32,52.93,958,cool,lower
14.25,72.57,956,heat,lower
17.0,37.03,133,heat,raise
31.96,90.37,351,cool,keep
33.67,54.62,783,cool,lower
30.58,59.91,1023,cool,lower
26.14,43.98,916,cool,lower
10.3,68.38,315,heat,keep
14.53,52.3,974,heat,lower
18.11,44.39,742,off,keep
31.77,47.02,440,cool,keep
30.76,50.41,370,cool,keep
32.27,61.01,843,cool,lower
20.99,55.73,814,off,lower
32.46,53.06,916,cool,lower
29.1,45.71,464,cool,keep
21.02,40.59,275,off,raise
24.09,49.1,935,off,lower
26.3,60.28,327,cool,keep
25.75,61.57,744,off,keep
13.24,69.41,617,heat,keep
29.04,57.64,599,cool,keep
18.07,59.67,171,off,raise
15.15,51.37,229,heat,raise
15.21,28.36,642,heat,keep
13.54,50.14,232,heat,raise
20.57,48.1,697,off,keep
30.45,40.31,948,cool,lower
16.64,50.64,108,heat,raise
20.59,56.32,967,off,lower
14.97,40.05,163,off,raise
20.75,45.04,163,off,keep
12.82,74.87,826,heat,lower
23.98,30.91,186,off,raise
23.41,51.95,676,off,keep
15.81,40.43,103,heat,raise
10.36,46.74,72,heat,raise
22.33,52.79,203,off,raise
18.15,42.61,565,off,keep
26.96,63.32,328,cool,keep
23.64,77.51,238,off,raise
12.33,67.83,848,heat,lower
21.82,72.56,191,off,raise
33.72,36.7,75,cool,raise
14.89,52.79,141,heat,raise
31.97,60.53,926,cool,lower
11.77,67.23,535,heat,keep
25.66,82.8,974,off,lower
19.64,72.82,802,off,lower
29.34,68.76,301,cool,keep
17.59,93.88,802,heat,lower
20.66,56.83,491,off,keep
23.62,50.11,605,off,keep
22.96,57.11,584,off,keep
30.67,45.19,777,cool,lower
19.65,55.06,232,off,raise
15.84,30.11,47,heat,raise
28.32,47.36,754,cool,lower
20.83,50.82,974,off,lower
21.12,66.72,590,off,keep
25.31,71.5,165,off,raise
33.01,36.64,80,cool,keep
28.36,89.8,556,heat,keep
29.36,56.5,918,cool,lower
29.72,57.71,644,cool,keep
17.47,33.18,281,heat,raise
22.66,45.42,627,off,keep
21.19,72.05,144,off,raise
23.11,56.4,433,off,keep
26.61,56.71,1023,cool,lower
20.22,60.34,607,off,keep
20.91,31.63,64,off,raise
27.93,54.61,229,cool,raise
20.44,71.29,52,off,raise
31.93,73.83,403,cool,keep
14.77,52.01,235,heat,raise
29.09,78.28,1023,cool,lower
21.94,35.92,312,heat,keep
25.01,38.47,49,off,raise
28.57,80.85,415,cool,keep
32.41,64.71,763,cool,lower
18.07,51.8,723,off,keep
30.35,52.4,1023,cool,lower
11.67,43.98,335,heat,keep
12.6,60.26,527,heat,keep
23.48,57.2,611,off,keep
18.27,52.71,47,off,raise
15.89,37.53,0,heat,raise
11.32,59.7,815,heat,lower
24.59,46.94,401,off,keep
22.54,39.03,694,off,keep
22.1,74.94,980,off,lower
14.01,90.08,262,heat,raise
29.6,82.6,765,cool,raise
24.31,64.16,205,off,raise
13.24,56.5,746,heat,keep
20.04,54.53,156,off,raise
24.87,58.55,317,off,keep
14.18,47.74,485,heat,keep
30.87,73.27,481,cool,keep
19.8,25.22,64,off,raise
25.78,51.18,864,off,lower
11.51,65.74,42,heat,raise
20.47,46.04,937,off,lower
30.2,51.57,184,cool,raise
22.06,62.99,714,off,keep
19.3,75.33,717,off,keep
31.89,33.8,474,cool,lower
20.0,31.99,568,off,keep
33.61,40.43,77,cool,raise
29.79,30.17,908,cool,lower
28.44,34.57,163,cool,raise
29.24,39.24,663,cool,keep
29.56,75.18,18,cool,raise
16.0,51.3,762,cool,lower
21.41,56.76,365,off,keep
26.14,42.46,509,cool,keep
17.48,68.49,61,heat,raise
23.61,81.44,231,off,raise
18.0,43.38,432,heat,keep
27.37,81.67,771,cool,lower
32.0,62.59,623,cool,lower
27.28,55.47,270,cool,raise
14.51,63.35,635,heat,keep
24.04,58.27,236,cool,raise
13.83,80.85,629,heat,keep
25.88,61.66,553,off,keep
12.94,62.97,259,heat,raise
16.93,48.77,216,heat,raise
23.6,66.11,541,off,keep
29.48,38.67,591,cool,keep
10.17,55.32,994,heat,lower
32.45,94.83,519,cool,keep
14.34,20.0,433,heat,keep
26.9,58.38,472,cool,keep
21.49,59.96,895,off,lower
22.35,51.91,345,off,keep
30.04,55.52,392,cool,raise
13.5,58.0,378,heat,keep
29.91,52.69,610,cool,keep
18.42,59.06,758,off,lower
10.3,48.76,520,heat,keep
19.13,84.89,300,off,keep
15.23,51.42,668,heat,keep
26.26,67.39,290,cool,raise
24.12,44.82,894,off,lower
25.77,66.33,658,off,keep
18.04,67.4,459,off,keep
31.04,63.04,250,cool,raise
12.3,39.9,757,heat,lower
31.53,39.96,598,cool,keep
14.39,82.87,886,heat,lower
30.09,44.01,730,cool,keep
29.12,63.99,801,cool,lower
18.96,43.21,100,off,raise
28.09,66.08,0,cool,raise
20.27,44.93,673,off,keep
30.73,39.47,34,cool,raise
28.51,47.3,920,cool,keep
30.65,47.18,913,cool,lower
13.66,59.34,609,heat,keep
26.07,58.32,733,cool,keep
19.94,33.65,472,off,keep
14.28,55.6,989,heat,lower
19.92,35.32,40,off,raise
20.1,63.73,316,off,keep
13.64,66.92,737,heat,keep
21.32,56.46,774,off,raise
27.96,63.48,249,cool,raise
24.18,77.72,875,heat,lower
19.18,53.53,512,off,keep
25.12,45.24,874,off,lower
25.84,62.54,291,off,raise
27.72,36.74,699,cool,keep
13.21,52.31,220,heat,raise
29.81,47.67,129,cool,raise
23.62,45.79,710,off,keep
25.23,50.53,682,off,keep
18.86,66.89,342,off,keep
16.98,74.22,605,heat,keep
21.82,67.34,992,off,lower
27.61,56.21,330,cool,keep
18.43,48.23,499,off,keep
13.59,20.0,222,heat,raise
15.26,63.5,497,off,keep
20.17,20.0,922,off,lower
23.03,29.19,647,off,keep
24.32,55.19,131,off,raise
29.04,59.42,738,cool,keep
29.52,43.14,481,cool,keep
18.4,75.66,17,heat,raise
13.5,60.66,635,heat,keep
30.57,54.72,327,cool,lower
30.96,74.66,973,cool,lower
19.22,76.93,1023,off,lower
32.96,63.06,686,cool,keep
24.6,40.55,611,off,keep
13.48,46.7,298,cool,raise
15.79,31.7,44,heat,raise
18.74,59.74,64,off,raise
24.13,37.41,454,off,keep
15.17,53.92,302,heat,keep
29.06,56.63,990,cool,raise
14.84,25.77,300,heat,keep
28.96,37.04,249,cool,raise
9.29,47.68,867,heat,lower
14.97,54.37,856,heat,lower
18.06,49.31,397,off,keep
23.82,51.78,47,off,raise
28.32,44.06,117,cool,raise
28.8,31.91,543,cool,raise
35.51,46.65,913,cool,lower
19.86,51.45,387,off,keep
14.64,49.95,10,heat,raise
19.41,56.83,375,off,keep
30.37,58.46,38,cool,raise
12.39,63.17,440,heat,keep
15.79,47.16,448,heat,keep
25.3,26.86,764,off,lower
21.5,76.47,58,off,raise
27.1,59.66,519,cool,keep
25.22,44.02,194,off,raise
20.57,61.62,508,off,keep
19.3,70.37,1023,off,lower
21.38,80.49,781,off,lower
24.47,61.95,892,off,lower
20.26,73.44,59,off,raise
17.7,38.8,764,heat,lower
15.21,56.75,857,heat,lower
19.48,47.8,665,off,keep
25.34,60.55,818,off,lower
35.38,77.63,0,cool,keep
14.35,56.52,755,off,lower
32.79,41.26,848,heat,lower
18.86,35.22,266,off,raise
9.19,79.35,479,heat,keep
29.6,61.71,422,cool,keep
30.13,59.21,132,cool,raise
26.48,53.24,128,cool,raise
20.6,59.33,300,off,keep
23.26,37.31,98,off,raise
27.21,61.17,521,cool,keep
14.41,40.42,48,heat,raise
22.68,51.53,5,off,raise
10.89,44.32,680,heat,keep
27.32,20.0,259,cool,raise
22.92,47.88,375,off,keep
29.13,40.03,318,cool,keep
14.75,50.52,484,heat,keep
31.44,52.09,460,cool,keep
17.79,80.63,126,heat,raise
26.74,60.26,0,cool,raise
14.85,59.18,457,heat,keep
18.1,62.87,546,off,keep
11.96,71.32,796,heat,lower
21.82,65.49,188,off,raise
16.43,59.09,102,heat,raise
22.76,67.43,623,off,keep
19.18,20.0,925,off,lower
11.07,85.36,265,heat,raise
29.21,76.61,125,cool,raise
33.6,58.43,443,cool,keep
14.23,35.97,541,heat,keep
22.12,70.61,622,off,keep
10.79,44.02,102,heat,raise
26.79,62.34,687,cool,keep
12.18,36.25,337,heat,keep
28.44,88.92,16,cool,raise
12.57,34.44,925,heat,lower
23.52,59.83,554,off,keep
18.16,21.43,327,heat,keep
27.31,52.53,805,cool,lower
21.58,49.12,803,cool,lower
17.83,74.96,163,heat,raise
15.07,45.69,923,off,lower
16.35,72.74,556,heat,keep
24.01,39.24,275,off,raise
30.08,52.48,462,cool,keep
24.24,52.33,231,off,raise
24.13,62.53,828,off,lower
24.41,61.5,222,off,raise
13.46,64.52,420,heat,keep
28.74,60.6,17,cool,raise
20.33,67.69,950,off,lower
27.79,41.73,324,cool,keep
31.72,60.02,675,cool,keep
17.48,78.83,386,heat,keep
23.9,31.38,583,off,lower
11.85,62.25,562,heat,keep
25.84,62.75,284,off,raise
30.25,78.82,452,cool,keep
13.66,63.93,571,heat,keep
31.22,57.35,142,cool,raise
15.14,57.72,143,heat,raise
31.2,44.19,187,cool,raise
23.74,49.04,465,off,keep
17.03,31.03,236,off,raise
13.05,77.97,298,heat,raise
27.76,59.55,694,cool,keep
14.16,41.43,665,heat,keep
15.92,58.25,958,heat,lower
26.35,69.43,805,cool,lower
13.92,67.8,445,heat,keep
22.38,39.15,973,off,lower
30.73,20.0,944,cool,lower
14.87,62.6,204,heat,raise
18.91,46.09,204,off,raise
18.84,63.31,931,off,lower
29.68,68.17,915,cool,lower
30.54,71.97,879,cool,lower
19.04,80.46,483,off,keep
28.16,72.38,871,cool,lower
20.41,81.35,780,cool,lower
14.1,77.09,735,heat,keep
23.84,72.77,609,heat,keep
34.01,53.24,299,cool,raise
20.32,32.85,786,off,lower
31.21,91.93,911,cool,lower
11.78,56.81,928,heat,lower
22.91,75.66,603,off,keep
31.42,45.88,10,cool,raise
27.68,69.67,754,cool,lower
14.2,20.0,257,heat,raise
28.12,47.12,226,cool,raise
20.57,53.94,92,off,raise
28.18,59.22,186,heat,raise
32.93,73.55,450,heat,keep
17.85,39.63,263,heat,raise
35.38,63.09,387,heat,keep
24.38,70.44,534,off,keep
25.88,88.75,591,off,keep
21.17,63.8,401,off,keep
33.38,45.67,445,cool,keep
25.05,33.11,897,off,lower
26.47,81.98,270,cool,raise
23.89,67.52,0,off,raise
18.88,53.25,820,off,lower
24.27,31.59,105,off,raise
12.6,40.38,795,heat,lower
23.14,65.69,311,heat,keep
6.46,58.73,856,heat,lower
23.32,26.37,145,off,raise
28.15,64.73,192,cool,raise
29.98,34.2,452,cool,keep
23.03,76.43,389,off,keep
24.4,58.64,739,off,keep
22.41,45.11,642,off,keep
27.91,68.8,1018,cool,lower
22.75,58.7,690,off,keep
16.69,73.23,172,heat,raise
21.91,56.24,120,off,raise
32.64,57.56,268,cool,raise
21.83,51.28,995,off,lower
22.28,61.47,789,off,lower
32.75,81.44,736,cool,keep
23.96,45.0,273,off,raise
14.63,65.12,434,heat,keep
12.34,42.96,661,heat,keep
18.52,26.52,944,off,lower
30.15,57.8,583,cool,keep
16.0,60.27,0,heat,raise
15.69,55.51,862,heat,lower
21.9,32.92,942,off,lower
24.97,56.37,32,off,raise
16.8,55.37,416,heat,keep
33.45,45.35,1023,cool,lower
25.67,31.27,986,off,lower
21.62,50.88,962,cool,lower
29.42,66.56,1014,cool,lower
25.06,57.72,57,off,raise
10.28,39.62,125,heat,raise
20.95,54.56,484,off,keep
28.8,71.91,581,cool,keep
11.89,41.45,396,heat,keep
26.43,54.48,283,cool,raise
16.37,76.25,297,heat,raise
21.75,36.49,639,off,keep
20.13,71.77,1010,off,raise
26.7,76.03,847,cool,lower
31.08,56.28,187,cool,raise
30.76,46.22,162,cool,raise
11.16,70.92,301,heat,keep
29.45,50.91,749,cool,keep
28.25,21.72,14,cool,raise
30.42,55.21,710,cool,keep
26.88,60.1,596,off,keep
15.34,64.52,668,cool,keep
24.75,38.69,851,off,lower
21.66,51.34,626,off,keep
26.51,71.08,673,cool,keep
30.96,53.22,490,cool,keep
16.75,31.58,675,heat,keep
29.94,77.38,410,cool,keep
29.07,53.66,63,cool,raise
24.67,74.06,29,off,raise
10.71,29.58,725,heat,keep
13.13,54.28,638,heat,keep
20.89,63.15,431,off,keep
23.18,51.19,776,off,lower
18.66,35.17,508,off,keep
22.98,20.0,259,off,lower
23.59,75.16,569,off,keep
28.39,57.12,414,cool,keep
25.01,71.58,979,off,lower
30.51,70.08,719,cool,keep
15.27,62.54,752,heat,lower
10.81,49.29,660,heat,keep
12.68,64.4,694,heat,keep
14.49,72.96,806,heat,keep
17.78,56.7,431,off,keep
26.29,84.3,874,cool,lower
23.27,33.34,66,off,raise
21.91,29.89,704,off,keep
28.42,67.69,502,cool,keep
27.67,45.76,43,cool,raise
28.51,83.94,670,cool,keep
31.97,72.83,43,cool,raise
11.41,78.85,705,heat,keep
20.65,66.79,532,off,keep
20.63,43.28,624,off,keep
23.11,29.58,600,off,keep
29.06,79.79,266,cool,raise
23.13,33.4,577,off,keep
14.98,78.0,299,heat,raise
18.69,67.27,734,off,keep
14.06,52.55,50,heat,raise
17.07,60.99,159,heat,raise
20.64,63.04,683,off,keep
32.44,52.42,18,cool,raise
24.15,75.04,922,off,lower
29.1,72.8,38,cool,raise
28.61,57.3,510,cool,keep
13.9,44.55,1023,heat,lower
11.87,74.65,687,heat,keep
21.31,23.82,649,off,keep
14.78,60.22,697,off,keep
28.47,65.56,716,cool,keep
32.47,42.43,142,cool,raise
30.14,71.0,295,cool,raise
20.93,55.45,168,cool,keep
24.76,51.0,253,off,lower
17.83,69.73,203,heat,raise
15.5,37.37,596,heat,keep
27.47,67.71,961,cool,lower
22.96,26.4,551,off,keep
33.74,61.29,13,cool,raise
29.93,58.34,701,cool,keep
20.3,44.87,591,off,raise
32.9,63.41,785,cool,lower
25.17,53.71,406,off,raise
17.23,68.97,455,heat,lower
22.07,62.99,640,heat,keep
19.98,64.21,728,off,keep
16.03,60.29,206,heat,raise
19.8,45.49,569,off,keep
15.94,48.06,953,heat,lower
22.15,56.26,86,off,raise
15.42,50.94,405,heat,keep
26.52,71.83,525,cool,keep
17.55,54.15,953,heat,lower
13.56,59.78,998,heat,lower
16.55,36.76,589,heat,keep
25.57,72.38,594,off,keep
25.11,49.38,478,off,keep
28.39,35.77,441,cool,keep
19.22,83.04,794,off,lower
19.69,65.65,543,off,keep
30.01,69.81,541,cool,keep
32.5,63.88,860,off,lower
32.56,55.01,162,cool,raise
18.18,47.07,977,off,lower
16.66,65.46,739,heat,keep
17.8,71.26,605,heat,keep
14.89,51.32,626,heat,keep
23.82,88.08,603,off,keep
22.36,54.92,617,off,keep
22.79,34.07,337,off,keep
22.16,29.77,749,off,keep
19.55,29.66,257,off,lower
32.51,48.99,647,cool,raise
22.09,53.76,513,off,raise
18.92,61.71,384,off,keep
23.09,55.54,839,off,lower
22.27,67.67,328,off,keep
9.48,54.25,701,heat,keep
28.78,54.2,228,cool,raise
17.14,50.0,195,off,raise
30.1,73.68,558,cool,keep
28.41,31.69,1002,cool,lower
18.6,62.78,319,off,keep
32.05,49.73,150,cool,raise
25.34,65.81,93,off,raise
22.95,54.77,512,off,keep
20.98,55.95,836,cool,lower
13.54,50.84,703,heat,keep
29.37,74.11,183,cool,raise
29.97,55.93,817,cool,lower
28.97,84.34,183,cool,raise
18.77,60.34,553,off,keep
11.46,57.17,880,heat,lower
29.56,49.85,821,cool,lower
24.66,65.53,763,off,lower
9.83,45.66,357,heat,keep
23.52,58.84,763,off,lower
22.48,56.11,387,cool,keep
24.05,63.59,377,off,keep
21.87,60.26,518,off,keep
32.23,60.22,661,cool,keep
27.69,55.4,207,heat,raise
17.23,76.46,974,heat,lower
5.94,62.95,882,heat,lower
16.58,91.89,275,heat,raise
22.2,57.35,229,off,raise
19.75,68.94,113,off,raise
20.15,40.58,407,off,keep
11.39,78.99,251,heat,lower
23.01,37.68,955,off,lower
21.61,61.67,897,off,lower
17.19,51.5,808,heat,lower
26.94,57.17,318,cool,keep
21.18,52.36,701,off,keep
21.29,41.82,523,off,keep
18.73,50.43,337,off,keep
22.82,80.81,563,off,keep
27.3,62.29,177,off,raise
12.82,34.97,1013,heat,lower
38.54,71.09,187,cool,raise
18.34,45.18,276,off,raise
30.84,66.96,259,cool,raise
25.59,61.53,531,off,keep
31.41,63.27,726,off,keep
30.66,80.42,993,cool,lower
11.93,41.67,426,heat,keep
21.19,67.38,200,off,raise
18.68,73.56,0,off,raise
13.69,42.68,626,heat,keep
36.89,44.68,1023,cool,lower
18.72,49.91,51,off,raise
31.09,60.99,1014,cool,lower
29.95,33.36,213,cool,raise
28.17,66.16,926,cool,raise
12.75,32.05,38,heat,raise
26.05,72.07,925,cool,raise
13.14,64.58,346,heat,keep
26.02,79.69,281,cool,raise
14.12,64.69,244,heat,raise
10.97,52.03,142,heat,raise
27.68,38.63,821,cool,lower
26.35,58.71,79,cool,raise
23.45,51.55,459,off,keep
25.4,69.1,995,off,lower
22.28,38.94,391,off,keep
22.6,84.95,856,off,lower
25.21,72.71,738,off,keep
29.08,54.16,788,cool,lower
30.86,82.13,935,cool,keep
19.04,42.28,73,off,raise
22.63,55.46,353,off,keep
12.88,36.3,313,heat,keep
28.64,86.82,37,cool,raise
27.47,28.88,117,cool,raise
12.18,32.22,43,heat,raise
24.74,43.36,948,off,lower
31.37,77.2,912,cool,lower
23.94,71.18,578,off,keep
18.64,55.94,859,off,lower
13.92,69.09,359,heat,keep
17.16,51.38,493,heat,keep
17.04,60.76,890,heat,lower
19.2,81.82,164,off,raise
21.62,51.38,185,off,raise
15.78,46.08,512,heat,keep
16.25,60.62,245,heat,raise
21.23,61.48,681,off,keep
22.97,61.87,668,off,keep
30.44,70.48,340,cool,keep
29.39,53.54,114,cool,raise
33.56,55.34,45,cool,lower
30.21,57.89,424,cool,keep
31.0,59.62,333,cool,keep
31.82,75.22,21,cool,raise
10.32,60.01,698,heat,keep
28.84,52.49,978,off,lower
24.88,63.82,1023,off,lower
13.03,70.64,107,heat,raise
33.55,70.1,228,cool,raise
30.08,66.53,474,heat,keep
25.7,28.72,956,off,lower
14.07,20.0,566,heat,keep
25.89,77.98,470,off,keep
14.45,60.96,937,heat,lower
25.45,58.4,729,off,keep
24.05,67.46,1018,heat,lower
11.4,83.09,878,heat,lower
33.77,74.04,1023,off,lower
14.66,70.11,561,heat,keep
17.7,44.24,396,heat,keep
22.78,40.49,79,off,raise
16.1,20.0,755,heat,lower
31.55,60.42,269,cool,raise
21.38,70.95,31,off,raise
17.79,69.54,806,heat,raise
25.4,66.26,461,off,keep
20.28,51.31,558,off,keep
19.29,48.85,835,off,lower
29.52,41.54,362,cool,keep
26.5,51.29,849,cool,lower
26.69,37.1,594,cool,keep
33.09,82.12,608,cool,keep
16.51,36.45,289,heat,raise
25.42,53.92,726,off,keep
19.85,27.27,225,off,raise
36.2,60.25,637,cool,keep
12.56,56.16,854,cool,lower
24.65,51.04,136,off,raise
28.39,42.82,447,cool,keep
16.24,51.98,707,heat,keep
28.12,45.91,227,cool,raise
23.84,49.7,32,off,raise
20.89,85.03,448,off,keep
23.47,60.84,510,heat,keep
16.03,64.79,947,heat,lower
18.46,46.82,813,off,lower
15.18,44.24,208,heat,raise
27.1,55.35,274,cool,raise
19.24,93.03,203,off,raise
23.01,48.08,942,off,lower
16.16,63.05,363,heat,keep
28.09,40.22,924,cool,lower
8.51,20.0,66,heat,raise
28.42,45.07,603,cool,keep
19.53,89.96,92,off,raise
29.53,64.09,592,cool,keep
22.47,79.85,0,off,raise
20.77,49.92,139,off,lower
12.13,20.0,150,heat,raise
24.38,38.8,744,heat,keep
30.4,61.1,668,cool,keep
8.52,56.77,552,heat,keep
12.74,51.74,220,heat,raise
17.41,49.04,256,heat,raise
24.28,71.18,402,off,keep
27.31,48.15,1009,cool,lower
32.3,60.28,716,heat,keep
23.23,56.1,18,off,raise
20.53,44.6,35,off,raise
28.48,41.28,358,cool,keep
13.23,44.8,187,heat,raise
18.37,83.47,431,heat,keep
30.48,74.3,1023,cool,lower
35.61,69.07,221,cool,raise
30.89,42.09,618,cool,keep
11.46,31.42,482,heat,keep
33.45,71.54,678,cool,keep
24.8,68.51,555,off,keep
13.32,55.02,531,heat,keep
18.51,51.27,305,off,keep
13.69,38.45,986,heat,lower
20.55,70.39,227,off,raise
26.47,72.57,166,cool,raise
29.74,44.57,107,heat,raise
16.58,42.53,71,heat,raise
24.23,72.55,331,off,keep
13.99,47.29,814,heat,lower
18.46,83.69,140,off,raise
13.29,51.03,0,heat,raise
23.71,49.93,529,off,keep
10.71,57.9,545,off,keep
21.95,48.5,629,off,keep
32.21,71.47,38,cool,raise
30.31,69.68,213,cool,raise
29.21,72.77,355,cool,keep
17.85,58.63,802,heat,raise
22.18,48.66,706,off,keep
20.1,55.64,815,off,lower
29.09,48.06,566,cool,keep
11.23,74.76,408,heat,keep
21.77,66.92,566,off,keep
25.74,54.82,389,off,keep
26.93,41.32,158,cool,raise
12.85,79.02,594,cool,keep
18.65,55.39,306,off,keep
26.75,53.25,305,cool,keep
12.73,78.4,706,heat,keep
19.15,49.91,91,off,raise
21.4,51.92,0,heat,raise
25.1,50.06,369,off,keep
28.39,36.26,635,cool,keep
29.08,58.24,873,cool,lower
20.9,38.34,521,off,keep
16.12,49.89,271,heat,raise
14.74,43.68,393,heat,keep
14.92,48.27,372,heat,keep
21.9,41.09,356,off,keep
11.74,57.09,708,heat,keep
15.96,51.57,808,heat,lower
20.19,56.23,768,off,lower
25.84,90.66,442,off,keep
24.91,53.66,321,off,keep
28.33,63.08,108,cool,raise
13.57,65.86,773,heat,lower
12.32,52.37,951,heat,lower
16.55,62.05,53,heat,raise
26.51,52.68,116,cool,raise
23.92,56.39,234,off,raise
17.14,45.36,744,heat,keep
28.75,52.36,236,cool,raise
17.92,56.79,9,heat,raise
15.4,23.71,329,heat,keep
16.88,79.09,420,heat,keep
31.21,88.44,396,heat,keep
21.88,58.1,486,off,keep
29.03,66.37,258,cool,raise
11.79,71.33,39,heat,raise
26.66,35.47,104,cool,raise
21.59,65.82,809,off,lower
23.02,51.49,680,off,keep
23.36,88.47,291,off,raise
17.72,49.7,971,heat,lower
28.83,67.61,585,cool,keep
6.05,51.4,807,heat,lower
31.41,86.35,784,cool,lower
21.18,48.87,326,off,keep
22.03,74.42,612,cool,keep
26.12,60.48,626,cool,keep
29.29,60.04,450,cool,keep
33.52,57.55,662,cool,keep
24.43,44.65,304,off,keep
32.31,20.0,88,cool,raise
21.91,69.49,28,off,raise
24.87,50.79,469,off,keep
19.78,72.25,921,off,lower
31.42,63.42,184,cool,lower
22.32,72.38,591,off,keep
16.05,66.17,182,heat,raise
15.16,20.0,649,heat,keep
15.47,66.81,169,heat,raise
20.63,50.16,471,off,keep
31.22,72.89,866,off,lower
17.28,65.14,403,heat,keep
20.84,62.29,898,off,lower
29.07,51.59,52,cool,raise
14.2,40.05,81,heat,raise
23.14,51.45,122,off,raise
10.28,28.84,216,heat,raise
27.28,47.53,454,cool,keep
14.4,28.96,939,heat,lower
26.62,34.85,249,cool,keep
15.88,56.39,348,heat,keep
34.07,60.14,72,cool,raise
15.41,54.71,700,heat,keep
18.75,44.48,536,off,keep
31.57,42.01,38,cool,raise
23.39,53.11,436,off,keep
26.34,39.09,200,cool,raise
11.72,54.0,457,heat,keep
20.04,31.85,269,cool,raise
26.39,61.54,822,cool,lower
27.92,48.33,73,cool,raise
12.26,61.9,608,heat,keep
13.8,72.36,776,heat,lower
22.81,60.91,2,off,raise
20.25,65.23,873,off,lower
18.04,25.03,766,heat,lower
20.88,50.18,292,off,raise
26.28,70.62,515,cool,keep
16.75,64.34,693,heat,keep
19.36,78.02,513,off,keep
30.17,83.52,756,cool,lower
20.32,61.09,898,off,lower
24.34,46.13,381,off,keep
15.2,41.39,119,heat,raise
20.55,43.89,440,off,keep
16.7,47.65,628,cool,keep
23.47,47.46,793,off,lower
25.6,40.95,254,off,raise
8.19,63.54,922,heat,lower
18.9,80.58,52,off,raise
25.16,68.92,559,off,keep
20.43,52.36,437,off,keep
28.86,69.54,708,heat,keep
15.48,60.15,264,cool,raise
21.22,54.6,912,off,lower
24.37,53.32,0,off,raise
22.58,54.32,789,off,lower
19.52,63.43,519,off,keep
29.33,55.43,537,cool,keep
29.49,41.95,299,cool,raise
20.83,39.06,366,off,keep
22.68,62.56,473,off,keep
18.55,59.63,329,off,keep
21.47,49.83,0,off,raise
25.89,41.14,439,cool,keep
17.03,73.48,414,heat,raise
29.82,71.61,746,cool,keep
23.97,22.35,454,off,keep
31.51,77.89,524,cool,keep
17.73,51.62,437,heat,keep
31.47,55.81,486,cool,keep
22.42,70.04,713,off,keep
22.93,83.17,692,off,keep
21.86,68.87,1023,off,lower
34.58,56.62,507,cool,keep
18.51,33.5,24,off,raise
16.14,24.7,594,heat,keep
12.98,68.48,416,heat,keep
23.2,76.02,72,off,raise
23.45,43.25,865,off,lower
24.91,52.25,590,off,keep
27.31,46.1,593,cool,keep
16.93,50.39,618,heat,keep
14.59,70.15,1023,heat,lower
15.64,60.98,697,heat,keep
23.58,50.36,747,off,lower
17.57,92.01,778,heat,lower
28.65,30.15,747,cool,keep
13.82,63.83,696,heat,keep
27.96,41.59,78,cool,raise
19.31,50.34,418,off,keep
13.39,55.47,336,heat,keep
18.97,68.44,903,off,lower
19.16,51.08,615,off,keep
22.45,48.32,524,off,keep
23.33,48.26,516,off,keep
16.06,39.42,719,heat,keep
21.38,65.79,827,off,lower
11.74,60.2,212,off,raise
33.35,61.58,999,cool,lower
17.6,51.85,791,heat,lower
25.23,52.74,217,off,raise
28.92,73.11,675,cool,keep
11.2,67.7,456,heat,keep
32.75,75.62,361,cool,keep
16.09,61.32,918,heat,lower
22.56,75.13,311,off,keep
14.36,44.84,881,off,lower
19.12,50.71,663,off,keep
11.95,71.51,861,heat,lower
13.11,68.77,774,heat,lower
24.75,55.84,628,off,keep
22.84,39.57,198,off,raise
15.85,49.54,1014,heat,lower
16.09,44.41,665,heat,keep
11.71,80.89,367,heat,keep
16.59,67.91,254,heat,raise
30.38,46.0,114,cool,raise
15.4,42.11,322,heat,keep
12.33,44.4,90,heat,raise
15.56,46.62,934,heat,lower
17.5,55.47,454,heat,keep
23.23,71.02,625,off,keep
15.84,40.61,838,heat,lower
21.43,88.86,971,off,lower
22.58,36.59,450,off,keep
25.38,36.41,62,off,raise
24.72,81.68,661,off,keep
14.83,70.08,975,heat,lower
16.75,54.27,346,heat,lower
26.86,60.11,95,cool,raise
20.06,63.08,752,off,raise
17.73,57.2,645,heat,keep
29.95,32.84,179,cool,raise
29.04,20.0,12,cool,raise
19.0,40.53,551,off,keep
24.61,79.8,202,off,raise
29.46,84.57,155,cool,raise
26.49,51.86,376,cool,keep
17.02,43.63,502,heat,keep
22.09,58.38,902,off,lower
12.89,59.66,415,heat,keep
23.82,65.29,865,off,lower
19.81,20.0,622,off,keep
19.33,95.0,424,off,lower
17.25,73.04,532,heat,keep
13.12,51.78,152,heat,raise
19.24,43.25,1018,off,lower
15.48,67.0,306,heat,keep
17.43,64.3,908,heat,lower
17.66,55.65,671,heat,keep
14.22,63.11,288,heat,raise
12.58,54.28,494,cool,keep
11.76,63.21,87,heat,raise
24.14,65.42,631,off,keep
24.35,59.45,42,off,lower
30.28,57.15,653,cool,keep
18.27,74.81,174,off,raise
18.81,31.73,130,off,raise
29.57,41.4,249,cool,raise
22.59,56.03,76,off,raise
31.09,46.99,886,cool,lower
26.17,48.17,977,cool,lower
24.95,71.69,969,off,lower
14.22,51.94,745,heat,keep
26.79,24.72,224,cool,raise
25.07,51.32,761,off,lower
28.76,56.04,767,cool,lower
22.4,54.14,240,off,raise
16.02,62.22,811,heat,lower
28.45,59.75,995,cool,lower
32.41,54.94,417,cool,keep
28.07,40.78,607,cool,keep
26.35,45.39,922,cool,lower
12.89,47.74,293,heat,raise
19.09,50.23,1004,off,lower
28.09,67.9,302,cool,raise
26.55,57.39,1015,cool,lower
15.49,67.81,257,heat,raise
28.43,48.42,783,cool,lower
14.29,78.94,536,heat,keep
25.47,65.21,383,off,keep
24.33,56.73,442,off,raise
20.89,63.84,230,off,raise
17.01,47.99,670,heat,keep
20.7,23.02,1014,off,lower
11.48,47.63,594,heat,keep
22.83,67.47,270,off,keep
20.18,57.98,704,off,keep
7.49,50.92,412,heat,keep
25.37,43.7,951,off,lower
27.53,26.34,246,cool,raise
17.55,73.99,508,heat,keep
23.58,51.46,488,off,keep
24.38,53.15,918,off,lower
30.7,44.14,56,cool,raise
20.63,73.08,636,off,keep
16.81,69.12,829,heat,lower
18.47,39.41,345,off,keep
22.06,72.75,521,off,keep
9.39,51.93,270,heat,raise
28.87,46.65,427,cool,keep
18.65,50.47,940,off,keep
18.74,47.15,422,off,keep
18.99,35.28,227,off,raise
28.24,66.2,599,cool,keep
20.82,53.75,457,off,keep
22.07,61.48,791,off,lower
34.59,62.69,31,cool,raise
25.76,61.25,930,off,lower
12.06,26.7,727,heat,keep
14.08,44.91,866,heat,lower
32.44,62.49,425,cool,keep
13.75,35.02,451,heat,keep
30.86,60.38,350,cool,keep
36.8,35.38,838,cool,lower
26.95,53.25,45,cool,raise
26.68,78.93,587,cool,keep
8.17,65.99,276,heat,raise
29.82,24.94,698,cool,keep
24.37,65.64,980,off,lower
10.61,82.59,750,heat,keep
24.43,95.0,46,off,raise
20.92,60.6,437,off,keep
19.9,34.69,32,off,raise
21.14,60.23,501,off,keep
16.72,81.55,175,heat,raise
28.87,51.99,696,off,lower
23.75,72.84,570,off,keep
14.76,39.02,314,heat,keep
26.03,61.23,897,heat,lower
32.91,20.0,786,cool,lower
30.82,40.47,677,cool,keep
18.42,53.83,372,heat,keep
20.06,49.24,240,off,raise
27.98,36.98,590,cool,lower
22.44,45.08,807,off,lower
33.12,61.35,857,cool,lower
23.23,54.34,828,off,lower
13.52,55.39,51,heat,raise
29.47,65.54,1004,cool,lower
29.63,49.98,306,off,keep
28.19,78.7,1,cool,raise
17.18,40.86,567,heat,keep
28.64,82.03,438,cool,keep
28.82,70.82,69,cool,raise
17.74,47.37,189,heat,raise
32.91,46.88,235,cool,raise
21.02,55.78,468,off,keep
11.82,64.22,744,heat,keep
19.98,73.97,700,off,keep
25.77,36.88,46,off,raise
18.02,59.25,126,off,raise
9.14,21.66,668,heat,keep
21.63,50.46,848,off,lower
31.97,71.65,54,cool,raise
29.13,33.4,373,cool,keep
31.81,32.62,66,cool,raise
15.61,57.81,491,heat,keep
18.89,73.28,430,off,keep
21.19,58.19,177,off,raise
15.38,25.77,1005,heat,keep
13.79,31.29,816,heat,lower
14.27,56.1,575,heat,keep
22.54,38.58,776,off,lower
8.94,56.89,333,off,keep
16.39,58.41,915,heat,lower
20.97,45.77,433,off,keep
30.03,80.85,413,heat,keep
28.14,61.35,585,cool,keep
15.98,74.38,621,heat,keep
27.86,68.23,640,cool,keep
21.17,45.55,855,off,lower
31.07,53.05,319,cool,lower
35.05,52.48,700,cool,keep
31.21,63.59,236,cool,raise
22.19,46.21,278,heat,raise
28.72,80.46,528,cool,keep
26.54,39.58,526,cool,keep
28.89,62.12,668,off,keep
16.14,51.16,121,heat,raise
24.87,48.64,821,off,lower
26.72,86.34,573,cool,keep
13.89,47.82,584,heat,keep
15.08,50.75,759,heat,lower
15.67,42.95,681,heat,keep
23.1,59.0,455,off,keep
21.57,55.16,535,off,keep
17.79,39.24,292,heat,keep
15.71,48.35,554,heat,keep
20.28,62.62,185,off,raise
17.46,72.46,648,heat,keep
28.8,56.58,447,cool,keep
24.53,55.09,239,off,raise
28.98,47.42,513,cool,keep
17.33,44.31,972,heat,lower
23.94,41.26,533,off,keep
20.38,31.15,357,off,keep
15.4,46.83,431,heat,keep
15.49,70.55,607,heat,keep
25.17,48.71,149,off,raise
29.7,49.65,595,cool,keep
34.17,47.21,36,cool,raise
21.12,75.79,864,off,lower
14.04,40.96,679,heat,keep
24.62,60.37,96,off,raise
22.25,56.33,487,off,keep
20.27,54.89,924,off,lower
10.4,57.01,994,heat,lower
13.07,60.79,120,heat,raise
23.82,68.08,255,off,raise
15.21,54.0,165,heat,raise
27.48,83.65,405,cool,keep
31.77,55.05,883,cool,lower
12.63,30.1,692,heat,keep
33.06,63.44,266,cool,raise
33.56,60.85,373,cool,keep
32.94,54.94,603,off,keep
11.89,49.6,605,heat,keep
22.04,23.77,478,off,keep
21.93,24.52,460,off,lower
30.4,80.86,945,cool,lower
23.2,45.61,529,off,keep
31.71,66.04,837,cool,lower
21.61,32.2,947,off,lower
30.53,40.57,312,cool,keep
17.33,69.69,797,heat,keep
6.52,53.5,859,heat,lower
36.08,63.43,235,cool,raise
16.73,55.75,260,heat,raise
15.59,53.92,125,heat,raise
22.32,46.71,641,off,keep
17.99,37.73,710,heat,keep
15.24,75.97,804,heat,lower
14.37,80.19,428,heat,keep
15.39,39.27,714,heat,keep
29.49,35.86,0,cool,raise
19.58,46.78,669,off,keep
13.08,59.52,515,heat,keep
27.55,52.51,862,cool,lower
21.23,67.44,1023,off,lower
28.77,54.02,564,cool,keep
30.14,53.37,689,cool,keep
20.33,90.39,902,off,lower
17.02,48.36,334,heat,keep
17.88,80.16,118,heat,raise
13.04,75.43,539,heat,keep
20.89,60.54,336,off,keep
10.75,25.3,676,heat,keep
29.99,53.78,820,cool,lower
32.06,46.82,523,cool,keep
16.55,55.58,314,heat,keep
18.09,38.05,554,off,keep
20.1,69.25,470,off,keep
31.36,72.09,179,cool,raise
12.32,72.09,812,heat,lower
27.51,47.34,380,cool,keep
17.79,39.05,545,heat,keep
26.87,60.01,965,cool,lower
21.78,81.22,199,off,raise
19.59,55.24,454,off,keep
20.54,59.69,148,off,raise
13.58,51.55,432,heat,keep
12.84,46.75,293,heat,raise
21.79,64.35,973,off,lower
33.72,53.6,303,cool,keep
14.08,60.91,646,heat,lower
27.24,62.76,139,cool,raise
24.89,59.42,459,off,keep
32.41,64.09,819,cool,lower
13.71,40.77,642,heat,keep
19.01,39.11,283,off,raise
17.95,52.58,990,heat,lower
31.52,53.37,801,cool,lower
20.71,44.59,418,off,keep
27.72,55.23,1023,cool,lower
18.9,69.63,230,off,raise
27.65,75.36,341,cool,keep
21.61,77.3,954,off,lower
32.04,34.31,1010,cool,lower
27.82,34.12,849,cool,lower
25.02,51.04,212,off,raise
13.23,52.99,231,heat,raise
26.45,51.25,665,cool,keep
13.75,45.11,42,heat,raise
14.83,45.87,1023,heat,lower
17.94,65.21,908,off,lower
35.21,32.54,834,cool,lower
27.7,89.44,940,cool,lower
19.53,55.06,242,off,raise
18.3,69.82,878,off,lower
23.26,47.23,296,off,raise
17.0,62.13,127,heat,raise
21.69,57.27,269,off,raise
20.64,68.49,804,off,lower
34.15,49.26,944,cool,lower
16.28,78.75,655,heat,keep
19.9,30.51,269,off,raise
13.47,66.91,602,heat,keep
31.38,57.36,495,cool,keep
31.86,38.91,520,cool,keep
30.67,85.03,355,cool,keep
25.69,83.49,114,off,raise
25.71,21.04,357,off,keep
22.52,59.13,896,off,lower
14.87,66.15,412,heat,keep
29.59,60.45,16,cool,raise
29.98,77.46,365,cool,keep
16.08,76.15,472,heat,keep
18.58,58.34,624,off,keep
13.3,93.39,663,heat,keep
14.87,72.03,430,heat,keep
28.88,49.96,163,cool,raise
19.7,46.26,382,off,keep
20.78,73.28,0,off,raise
12.85,41.9,503,heat,keep
24.29,49.1,457,off,keep
22.57,52.78,348,off,keep
18.18,57.64,690,off,keep
13.65,53.38,790,heat,lower
32.94,37.11,235,cool,raise
19.76,73.58,520,off,keep
29.15,48.67,488,cool,keep
12.01,86.36,532,heat,keep
12.23,62.16,400,heat,keep
16.03,73.89,193,heat,keep
14.08,64.51,132,heat,raise
18.65,78.99,28,off,raise
30.72,64.17,24,cool,raise
25.68,56.51,790,off,lower
21.97,73.14,75,off,raise
13.82,93.09,900,heat,lower
33.28,49.64,927,cool,lower
22.43,64.72,211,off,lower
27.37,55.4,449,cool,keep
25.66,62.47,385,off,keep
28.48,53.14,399,cool,keep
34.67,22.46,374,off,keep
32.7,51.69,339,cool,keep
24.76,69.87,690,off,keep
29.21,44.51,405,cool,keep
23.04,65.29,206,off,raise
29.66,55.53,403,cool,keep
18.08,51.15,988,off,lower
22.9,71.24,1023,off,lower
22.93,69.95,27,off,raise
31.05,61.32,584,cool,keep
16.64,70.33,963,heat,lower
20.81,53.16,169,off,raise
20.77,32.14,35,off,raise
32.75,50.23,200,cool,raise
15.34,28.5,340,heat,keep
21.51,62.37,955,off,lower
28.37,72.4,241,cool,raise
22.31,72.17,334,off,keep
25.27,62.93,213,off,raise
26.48,71.5,414,cool,keep
13.94,31.45,961,heat,lower
32.82,55.03,67,cool,raise
25.25,31.16,467,off,keep
17.46,45.08,639,heat,keep
31.74,76.7,127,cool,raise
33.73,69.79,43,cool,raise
22.62,63.65,1023,off,lower
22.23,53.17,325,off,keep
18.41,39.58,248,off,raise
27.67,57.75,354,cool,keep
30.12,69.29,70,cool,raise
12.81,58.61,134,heat,raise
14.54,31.3,33,heat,raise
15.72,55.48,578,heat,keep
26.16,26.31,411,cool,keep
31.11,68.15,275,cool,raise
18.73,47.88,977,off,lower
26.46,36.61,321,cool,keep
28.81,70.9,27,cool,raise
16.75,64.2,61,heat,raise
25.78,59.86,759,heat,lower
30.27,89.98,571,cool,keep
28.02,65.96,270,cool,raise
21.65,43.72,236,off,raise
28.6,64.95,235,cool,raise
25.6,49.96,406,off,keep
22.84,74.6,690,off,keep
28.85,59.48,673,cool,keep
30.32,62.99,792,cool,lower
25.38,34.15,23,off,raise
14.03,53.15,542,heat,keep
19.72,58.34,760,off,lower
29.99,41.31,211,cool,raise
19.68,50.58,566,off,keep
26.65,59.26,38,cool,raise
13.55,56.83,919,heat,lower
27.24,31.78,763,cool,lower
14.37,52.5,618,heat,keep
18.72,50.12,628,off,keep
17.11,56.6,702,heat,keep
15.02,54.81,390,heat,lower
25.72,47.89,973,off,lower
17.48,46.26,214,heat,keep
11.36,56.47,816,heat,lower
20.71,70.19,801,off,lower
23.07,60.63,842,off,lower
31.13,74.68,89,cool,raise
29.77,73.68,467,cool,keep
21.68,75.47,655,off,keep
23.79,77.21,651,off,keep
31.7,75.47,665,cool,keep
24.06,40.84,647,off,keep
13.84,63.67,208,heat,raise
16.84,74.47,844,heat,lower
17.33,77.34,482,heat,keep
24.48,40.9,994,off,lower
22.76,66.53,532,off,keep
11.64,55.03,553,heat,keep
28.14,82.09,609,cool,keep
18.07,32.85,905,off,lower
24.14,46.69,890,off,lower
20.27,25.5,610,off,keep
29.88,58.03,521,cool,keep
31.28,87.71,0,cool,raise
32.12,56.52,117,cool,raise
13.78,61.16,730,heat,keep
18.13,61.99,341,off,keep
22.66,53.54,400,off,keep
14.42,59.72,631,heat,keep
31.2,62.96,232,cool,raise
10.83,41.82,347,heat,keep
16.55,55.4,12,heat,raise
16.14,65.33,774,heat,lower
31.78,73.42,529,cool,keep
19.84,70.09,199,off,raise
25.07,60.79,613,off,keep
22.52,60.32,165,cool,lower
23.93,66.16,796,off,lower
18.5,46.65,270,off,raise
26.93,45.58,268,cool,raise
13.71,53.57,914,heat,lower
14.73,36.69,778,heat,lower
16.01,64.6,656,heat,keep
25.12,65.21,627,off,keep
13.89,48.04,515,heat,raise
14.63,66.65,170,heat,raise
20.87,42.06,296,off,raise
22.29,39.85,989,off,lower
14.93,88.58,900,heat,lower
28.75,41.8,743,cool,keep
24.69,39.16,904,off,lower
20.35,58.96,848,off,lower
15.15,54.96,392,heat,keep
12.04,67.62,761,heat,lower
18.11,86.29,779,off,lower
30.96,46.28,140,cool,raise
20.97,43.26,966,off,lower
19.82,76.7,552,off,keep
29.91,69.12,314,cool,keep
28.12,69.67,466,cool,keep
29.0,49.38,346,heat,keep
33.86,70.44,304,cool,keep
32.76,66.23,525,cool,keep
22.7,63.59,1023,cool,lower
14.4,45.12,432,heat,keep
19.97,57.95,197,off,raise
14.12,78.82,857,heat,lower
15.72,39.54,267,cool,lower
23.61,41.27,564,off,lower
35.21,43.91,239,cool,raise
13.87,48.1,260,heat,raise
27.48,53.67,244,cool,raise
29.77,68.77,356,cool,keep
22.36,62.97,932,off,lower
23.76,59.69,739,off,keep
27.99,57.97,696,cool,keep
29.59,62.38,66,cool,raise
29.45,29.79,11,cool,raise
11.33,69.37,336,heat,keep
9.93,39.33,852,heat,lower
27.15,50.48,10,cool,raise
14.1,60.27,777,heat,lower
32.13,54.23,847,cool,lower
14.03,58.45,337,heat,keep
32.34,55.96,136,cool,raise
27.58,47.83,178,cool,raise
20.57,77.89,71,off,raise
14.05,65.89,830,heat,lower
14.38,59.8,798,heat,lower
23.47,64.05,669,off,keep
23.61,42.71,89,off,raise
23.95,87.24,959,off,lower
14.32,39.4,658,heat,keep
16.18,55.54,878,heat,lower
23.19,48.83,384,off,keep
15.26,48.34,193,heat,keep
30.86,46.87,813,cool,lower
30.67,42.52,40,cool,keep
14.93,70.63,165,heat,raise
22.94,36.04,127,off,raise
13.59,72.23,90,heat,raise
27.37,64.14,552,cool,keep
24.42,46.81,251,off,raise
29.35,58.47,979,cool,lower
22.84,56.3,956,off,lower
20.24,40.76,174,off,raise
22.61,39.21,858,off,lower
21.55,67.16,18,off,raise
28.08,65.11,314,cool,keep
19.5,58.48,645,off,keep
24.73,46.65,212,off,raise
21.43,55.96,48,off,raise
30.63,49.24,156,cool,raise
16.32,28.03,696,heat,keep
20.11,55.99,239,off,raise
21.75,62.95,277,off,raise
24.43,57.16,201,off,raise
27.55,82.46,925,cool,lower
28.18,38.78,891,cool,lower
23.89,45.14,812,off,lower
14.92,58.08,23,heat,raise
11.84,57.33,277,heat,raise
28.32,29.38,887,cool,lower
37.47,64.0,584,cool,lower
26.19,61.92,47,cool,raise
21.53,20.42,263,off,raise
26.91,54.56,824,cool,lower
21.05,41.09,890,off,lower
29.09,46.93,432,cool,keep
29.82,36.74,163,cool,raise
30.01,60.79,58,cool,raise
28.44,86.62,197,cool,raise
25.82,60.01,764,off,lower
11.99,21.22,864,heat,lower
22.5,60.32,285,off,raise
23.46,51.61,949,off,lower
12.72,40.15,900,heat,lower
20.0,59.71,1001,off,lower
12.25,69.01,800,heat,lower
33.86,45.37,580,cool,keep
31.87,30.5,1018,cool,lower
24.69,26.91,694,off,keep
22.62,41.41,833,off,lower
31.86,52.86,431,cool,keep
16.03,45.86,272,heat,raise
26.4,42.05,555,cool,keep
20.91,61.84,447,off,keep
23.44,60.7,334,off,keep
23.41,57.52,654,off,keep
16.88,67.92,625,heat,keep
26.33,46.24,335,cool,keep
19.74,37.76,209,off,raise
23.57,50.33,509,off,keep
28.2,45.39,322,cool,keep
15.8,20.34,227,heat,raise
20.39,46.13,261,cool,raise
14.81,71.67,678,heat,keep
22.68,60.47,443,off,keep
26.45,65.29,355,cool,keep
10.49,56.78,156,heat,raise
24.88,74.43,33,off,raise
19.82,37.18,708,off,keep
14.94,42.05,951,heat,lower
15.54,73.63,352,heat,keep
30.54,54.12,891,cool,lower
31.51,42.22,636,cool,keep
26.35,63.54,307,cool,keep
17.37,49.05,542,heat,keep
19.38,43.57,129,off,raise
30.79,40.89,328,cool,keep
13.98,59.58,775,heat,lower
16.23,58.13,860,heat,lower
16.0,79.68,213,heat,raise
22.91,53.31,986,off,lower
35.84,53.59,638,cool,keep
8.38,79.2,260,heat,raise
29.84,73.41,784,cool,raise
12.82,59.2,874,heat,lower
29.94,30.41,304,cool,keep
20.23,45.89,145,off,raise
10.82,36.44,258,heat,raise
9.1,60.28,761,heat,lower
28.59,45.42,40,cool,raise
11.11,80.82,308,heat,keep
21.29,34.32,354,off,keep
13.3,38.5,7,heat,raise
14.92,54.57,601,heat,keep
20.82,60.93,776,off,lower
30.01,20.0,135,cool,raise
8.74,30.24,944,heat,lower
18.59,50.69,987,cool,lower
27.67,75.49,914,cool,lower
28.19,80.38,729,cool,keep
21.98,52.33,451,off,keep
21.76,51.68,208,off,raise
28.52,44.02,942,cool,lower
15.89,67.31,577,heat,keep
21.55,75.62,445,off,keep
16.74,74.1,396,heat,keep
26.48,55.12,203,cool,raise
12.49,41.91,341,heat,keep
17.89,56.98,840,heat,lower
8.29,74.38,616,heat,keep
16.37,49.1,424,heat,keep
23.63,27.03,115,off,keep
27.55,54.25,470,cool,keep
15.71,49.49,231,heat,raise
16.01,29.17,427,heat,keep
21.26,62.07,156,cool,raise
23.15,60.75,977,off,lower
12.32,83.09,174,heat,raise
21.8,33.04,147,off,raise
10.28,61.93,642,heat,keep
24.57,67.93,362,cool,keep
7.49,61.65,998,heat,lower
26.05,38.88,425,cool,keep
23.78,38.43,725,off,keep
16.63,56.47,871,heat,lower
19.68,53.96,1023,off,keep
25.61,47.31,851,off,lower
12.74,76.8,531,heat,keep
23.36,51.65,829,off,lower
11.47,26.07,301,heat,keep
21.26,53.43,838,off,lower
20.2,60.84,885,off,lower
17.61,59.44,391,heat,keep
17.17,60.81,37,heat,raise
20.7,76.74,676,off,keep
32.16,35.75,137,cool,raise
13.73,50.31,0,heat,raise
17.09,76.52,976,heat,lower
25.11,24.45,610,off,keep
10.59,56.31,664,heat,keep
19.35,74.51,936,off,lower
23.5,73.56,940,heat,lower
33.6,61.96,956,cool,lower
17.52,62.95,135,heat,raise
20.45,40.18,321,off,keep
13.05,76.86,771,heat,lower
23.98,37.51,24,off,raise
32.12,36.95,220,cool,raise
12.54,59.8,506,heat,lower
24.99,48.04,322,off,keep
28.66,55.6,186,cool,raise
13.2,61.64,895,heat,lower
31.42,78.89,426,cool,keep
25.29,59.4,394,off,keep
21.05,46.08,678,off,keep
22.7,66.31,702,off,raise
25.42,43.21,522,off,keep
21.97,66.47,913,off,keep
21.8,52.23,316,off,keep
17.95,60.99,889,heat,lower
11.25,24.49,900,heat,lower
23.36,23.13,20,off,raise
27.69,30.32,753,cool,lower
27.09,85.65,135,off,raise
25.43,35.85,530,off,keep
31.27,66.91,943,cool,keep
30.69,43.9,226,cool,raise
16.11,51.06,547,heat,keep
26.88,54.7,785,cool,lower
24.28,81.38,456,off,keep
28.17,65.81,96,cool,raise
31.56,62.23,50,cool,raise
22.35,76.53,516,off,keep
27.77,44.27,73,cool,raise
18.98,72.32,31,off,raise
29.48,67.84,992,cool,lower
16.32,70.32,514,heat,keep
17.67,52.91,438,heat,keep
10.03,49.68,126,heat,raise
23.68,42.54,748,off,keep
25.34,44.41,509,off,keep
16.21,39.63,204,heat,raise
22.88,57.36,746,off,keep
19.66,53.55,230,off,raise
34.06,64.16,488,cool,keep
15.83,62.09,542,heat,keep
23.0,40.73,291,off,raise
14.51,35.39,923,heat,lower
18.49,50.33,676,off,keep
26.76,43.54,299,cool,raise
23.82,38.32,173,cool,raise
17.11,77.38,347,heat,keep
29.99,32.32,470,cool,keep
23.59,84.13,548,off,keep
18.29,58.64,427,off,keep
16.4,68.98,48,heat,raise
23.02,65.46,644,off,keep
16.3,63.82,381,heat,raise
22.49,79.9,344,off,keep
26.51,37.6,541,cool,keep
32.63,51.65,848,cool,lower
21.8,41.8,16,off,raise
31.31,31.2,962,cool,lower
17.3,44.89,658,heat,keep
21.18,79.24,534,off,keep
10.04,50.01,21,heat,raise
27.9,86.62,743,cool,keep
11.88,84.92,766,heat,raise
19.64,95.0,543,off,keep
27.61,87.43,843,cool,lower
24.24,91.64,857,off,lower
30.1,55.58,802,cool,lower
15.65,61.31,298,heat,raise
11.36,59.72,704,heat,keep
12.66,55.74,17,heat,raise
19.98,57.85,559,cool,keep
16.8,68.11,146,heat,raise
27.96,47.85,325,cool,keep
6.71,31.37,696,heat,keep
12.28,61.1,473,off,keep
34.38,41.84,863,off,lower
28.66,49.79,91,cool,raise
15.08,52.13,1006,heat,lower
28.3,49.31,741,cool,keep
11.45,70.3,466,off,keep
28.19,53.18,14,cool,raise
15.03,73.32,58,heat,raise
26.7,56.73,399,cool,keep
15.67,54.58,584,heat,keep
27.22,57.51,530,cool,keep
15.82,35.43,328,heat,keep
15.71,58.57,679,heat,keep
14.39,72.37,631,heat,keep
20.7,72.23,349,off,keep
15.38,36.17,346,cool,keep
27.51,34.47,507,cool,keep
14.82,47.55,782,heat,lower
22.15,75.07,610,off,keep
16.67,53.03,95,heat,raise
28.72,40.94,923,cool,lower
31.1,37.54,197,cool,raise
24.5,47.06,710,heat,keep
21.71,44.13,0,off,raise
29.49,65.88,276,cool,raise
26.74,71.46,580,cool,keep
20.04,38.7,875,off,lower
11.71,67.69,570,heat,keep
22.49,62.54,41,off,raise
10.85,36.32,953,heat,lower
22.95,55.51,293,off,raise
13.05,63.97,371,heat,keep
27.75,56.13,83,cool,raise
23.66,27.34,717,off,keep
21.86,59.01,542,off,keep
25.14,62.02,218,off,raise
20.58,76.32,693,off,keep
26.64,45.5,135,cool,raise
12.57,50.99,536,cool,keep
17.06,50.17,702,heat,keep
18.02,58.63,830,off,lower
24.21,56.68,694,off,keep
21.57,63.12,580,off,keep
31.15,34.59,58,cool,raise
14.77,62.56,291,heat,raise
20.38,44.24,617,off,keep
18.85,53.58,536,off,keep
15.95,80.34,540,off,lower
16.23,37.05,747,heat,keep
23.41,49.8,904,off,lower
22.2,33.73,511,off,keep
9.8,60.62,130,heat,raise
20.45,66.33,421,off,keep
13.77,57.24,278,heat,raise
17.81,53.1,551,heat,keep
27.62,74.7,586,cool,keep
13.44,56.86,564,heat,keep
22.64,64.92,570,off,keep
26.76,67.64,304,cool,keep
28.43,20.0,198,cool,raise
17.23,53.02,885,heat,lower
13.33,36.97,398,heat,keep
16.22,38.99,219,cool,keep
17.91,79.0,1017,heat,lower
13.21,51.38,8,heat,raise
16.91,77.77,349,heat,lower
22.74,29.04,769,off,lower
13.76,39.02,427,heat,keep
28.63,66.97,819,cool,lower
16.63,48.92,371,heat,keep
16.0,59.54,658,off,keep
24.43,52.82,389,off,keep
27.8,52.91,459,cool,keep
15.52,48.63,521,cool,keep
15.88,57.67,1023,heat,lower
11.73,63.28,736,heat,keep
12.96,77.7,403,heat,keep
15.88,48.23,378,heat,keep
29.05,48.74,449,cool,keep
14.52,48.77,747,heat,keep
31.07,76.4,587,cool,lower
18.91,64.65,555,off,keep
26.66,29.03,415,cool,keep
20.43,27.9,420,off,keep
30.71,46.02,564,cool,keep
8.5,62.97,755,heat,lower
28.44,54.62,968,cool,lower
10.95,60.41,66,heat,raise
22.94,51.33,269,off,raise
27.07,77.11,709,cool,keep
15.39,69.46,178,heat,raise
29.47,54.07,602,cool,keep
12.44,72.69,451,heat,keep
15.58,28.68,213,heat,raise
27.24,53.43,475,cool,keep
13.27,56.74,548,heat,raise
24.1,64.79,738,off,keep
28.09,33.34,837,cool,lower
29.23,52.04,970,cool,lower
27.83,60.15,423,cool,keep
22.43,60.97,720,off,keep
18.14,72.41,813,off,lower
24.4,64.68,1023,off,lower
21.82,54.37,666,off,keep
18.73,60.3,257,off,raise
20.6,51.56,342,off,keep
23.23,56.94,239,off,keep
29.25,64.6,217,cool,raise
20.47,53.56,317,off,keep
20.37,62.67,506,off,keep
25.38,71.8,761,off,lower
16.9,64.62,248,heat,raise
22.81,74.55,180,off,raise
37.46,86.93,160,cool,raise
14.09,64.95,182,heat,raise
30.87,48.54,426,cool,lower
23.25,65.73,396,off,keep
28.94,64.42,375,cool,keep
20.06,64.62,302,off,keep
22.84,75.6,470,off,keep
17.86,32.46,648,heat,keep
20.86,77.03,31,off,raise
28.05,83.65,895,cool,lower
22.42,63.28,317,heat,keep
30.41,67.87,150,cool,raise
25.68,50.16,131,cool,raise
12.66,56.93,539,heat,keep
16.43,65.3,530,heat,keep
29.08,65.64,100,cool,keep
21.45,69.05,514,off,keep
22.87,60.39,246,off,raise
28.58,68.35,896,cool,lower
34.32,65.01,326,cool,keep
19.35,40.53,1023,off,lower
18.06,68.87,594,off,keep
31.7,81.94,989,cool,lower
15.15,53.56,580,heat,keep
11.39,77.9,115,heat,raise
22.4,38.69,634,off,keep
23.07,55.22,490,off,keep
28.1,43.75,796,cool,lower
29.58,77.16,409,cool,keep
17.93,76.97,205,heat,raise
17.6,52.38,75,heat,raise
23.12,71.06,765,off,lower
30.85,79.16,232,cool,raise
9.37,57.26,719,cool,keep
16.42,58.64,169,heat,raise
20.18,65.04,102,off,raise
22.29,41.4,757,off,lower
30.14,58.42,342,heat,keep
27.66,84.81,586,cool,keep
22.09,47.54,21,off,raise
31.93,66.6,167,cool,raise
14.49,62.51,94,cool,raise
20.81,54.16,283,off,keep
15.4,56.99,284,heat,raise
17.1,83.24,381,heat,keep
10.42,67.7,249,heat,raise
10.98,66.86,489,heat,keep
32.88,78.84,906,cool,lower
30.77,52.97,56,cool,raise
20.43,37.08,931,off,lower
21.43,84.57,443,off,keep
22.13,55.54,599,off,keep
18.61,72.74,659,off,keep
21.87,42.13,748,off,keep
12.52,62.15,973,heat,lower
17.83,35.43,996,heat,lower
9.69,55.53,80,heat,raise
23.92,43.12,416,off,keep
19.91,38.95,580,off,keep
32.1,52.86,539,cool,keep
22.19,20.0,1000,off,raise
15.7,36.13,660,cool,keep
24.19,65.03,395,off,keep
28.09,62.49,931,cool,lower
15.75,40.92,766,heat,lower
17.5,65.76,768,heat,lower
13.36,40.25,674,heat,keep
16.17,68.53,119,heat,raise
32.19,51.68,997,cool,lower
28.64,48.61,709,cool,keep
15.42,52.24,181,heat,raise
14.65,92.07,263,cool,raise
21.88,43.44,335,off,keep
21.93,56.72,236,off,raise
21.2,67.18,624,off,keep
23.51,35.35,564,off,keep
28.28,31.54,239,cool,raise
23.57,43.8,720,off,keep
13.77,65.05,304,heat,keep
17.66,48.58,154,heat,raise
13.25,53.42,1000,off,lower
26.04,69.67,316,cool,lower
31.36,42.57,283,cool,raise
27.03,52.24,716,cool,keep
13.69,33.86,790,heat,lower
14.84,63.4,209,heat,raise
25.31,58.39,83,off,raise
26.47,63.74,888,cool,lower
17.25,36.42,523,heat,keep
18.16,53.24,467,off,keep
23.5,34.94,425,off,keep
32.94,49.59,585,cool,keep
19.18,75.42,650,off,keep
22.78,50.37,98,off,raise
27.25,31.44,232,cool,raise
29.67,44.73,993,cool,lower
24.29,31.01,162,off,raise
22.52,34.66,905,heat,lower
10.95,62.98,445,heat,keep
25.65,35.34,157,off,raise
29.6,57.02,592,cool,keep
23.56,55.73,664,off,keep
16.81,48.48,361,heat,keep
15.06,58.73,796,off,lower
23.71,43.4,101,off,raise
13.37,65.34,89,heat,raise
23.71,42.94,738,off,keep
18.13,48.28,564,off,keep
21.6,54.0,788,off,lower
33.01,66.36,897,cool,lower
19.28,64.56,949,off,lower
24.08,20.0,523,off,keep
12.27,58.97,503,off,keep
13.34,30.93,953,heat,lower
16.14,46.14,964,heat,lower
8.96,53.93,65,heat,raise
17.27,50.58,521,heat,keep
16.27,64.55,916,heat,lower
26.79,63.49,62,cool,raise
35.42,41.23,1009,cool,lower
27.69,40.82,749,cool,keep
18.0,55.51,148,off,raise
23.06,32.92,668,off,keep
34.92,45.95,468,cool,keep
23.9,79.05,338,off,keep
24.86,32.98,658,off,keep
21.09,50.15,781,off,lower
21.87,45.7,946,off,lower
26.24,86.94,437,cool,keep
31.99,47.71,140,cool,raise
9.08,51.58,906,heat,lower
26.36,37.11,337,cool,keep
30.38,52.05,789,cool,lower
22.22,57.57,801,off,lower
16.09,42.82,43,heat,raise
27.92,68.97,401,cool,keep
20.65,61.61,52,off,raise
20.41,66.99,604,off,keep
16.15,52.24,788,heat,lower
35.64,56.99,587,cool,keep
13.55,54.17,304,heat,keep
31.29,79.6,979,cool,lower
9.81,55.61,87,heat,raise
28.28,56.11,189,cool,raise
23.81,48.66,356,off,keep
25.53,48.29,936,off,lower
26.85,61.13,882,cool,lower
26.24,69.24,555,cool,lower
31.85,45.76,958,cool,lower
17.03,58.22,982,heat,lower
21.91,55.22,625,off,keep
33.68,60.29,112,cool,raise
20.39,27.18,967,off,lower
21.85,41.09,640,off,keep
16.18,36.75,133,heat,raise
23.28,55.48,848,off,lower
12.67,36.47,433,heat,keep
24.7,45.46,803,off,lower
27.78,38.25,304,cool,keep
31.53,47.87,20,cool,raise
26.32,39.71,486,cool,keep
15.22,63.95,417,heat,keep
30.45,62.95,841,cool,lower
28.28,58.12,76,cool,raise
11.68,52.05,923,heat,lower
24.54,23.12,117,off,raise
34.63,49.69,987,cool,lower
21.88,46.59,718,off,keep
21.95,54.16,383,off,keep
28.39,64.4,966,cool,keep
13.67,56.26,387,heat,keep
32.89,72.23,599,cool,keep
22.48,44.92,14,off,raise
21.78,45.72,116,off,raise
31.55,71.32,375,cool,keep
26.53,59.3,241,heat,raise
21.5,51.82,189,off,raise
20.0,84.05,412,off,keep
30.72,61.51,613,cool,keep
16.37,54.26,120,heat,raise
18.25,38.12,825,off,lower
27.5,77.95,870,cool,lower
24.68,60.8,842,off,lower
27.14,56.87,184,cool,raise
29.96,69.6,917,cool,lower
22.03,64.59,111,off,raise
22.41,64.81,121,off,raise
25.47,68.53,770,off,lower
13.93,62.26,775,heat,lower
29.17,61.0,153,cool,raise
31.71,44.82,423,cool,keep
28.95,82.85,402,cool,keep
16.79,35.12,698,heat,keep
8.94,59.5,533,heat,keep
22.92,32.32,622,off,keep
12.73,52.74,106,heat,raise
12.71,48.35,1022,heat,lower
23.57,59.0,620,off,keep
9.68,61.66,669,heat,keep
15.71,42.58,499,heat,keep
15.73,56.51,234,heat,raise
33.54,74.62,707,cool,keep
21.57,36.0,271,off,raise
20.83,44.36,246,off,raise
22.21,65.15,546,off,keep
21.4,53.39,384,off,keep
10.82,54.39,945,heat,lower
13.28,66.76,636,heat,keep
25.4,40.99,348,off,keep
20.73,46.16,41,off,raise
30.69,48.38,352,cool,keep
18.02,48.9,110,off,raise
15.31,72.06,212,heat,raise
23.91,29.82,268,off,raise
22.19,36.71,676,off,keep
19.8,32.95,83,off,raise
23.09,74.85,174,off,raise
21.82,47.92,25,off,raise
13.57,47.28,928,heat,lower
17.53,27.45,1023,heat,lower
30.45,52.0,328,cool,keep
26.23,66.77,441,cool,keep
25.25,61.9,286,off,raise
27.88,53.07,565,off,keep
22.2,31.33,528,off,keep
27.25,51.65,297,cool,raise
21.53,53.86,663,off,keep
12.53,40.8,0,heat,lower
18.61,64.09,659,off,lower
29.32,70.33,802,cool,lower
23.51,45.78,0,off,lower
14.81,66.24,766,heat,lower
12.34,52.64,784,heat,lower
19.88,73.03,986,off,lower
28.41,85.01,823,cool,keep
25.36,39.12,24,off,raise
17.39,70.05,101,heat,raise
21.06,74.0,121,off,raise
24.69,41.25,594,off,keep
35.91,50.95,726,cool,keep
19.49,46.98,689,off,keep
21.56,48.14,403,off,keep
22.33,48.32,186,heat,raise
23.16,49.62,66,off,raise
19.41,69.41,362,off,keep
8.46,26.38,295,heat,raise
22.7,42.52,283,off,raise
25.52,66.27,50,off,raise
27.09,64.51,327,cool,keep
11.63,36.68,865,off,lower
19.99,64.41,248,off,raise
18.06,77.64,875,off,lower
24.44,51.37,86,off,raise
11.55,39.25,623,heat,keep
23.16,68.83,109,off,raise
18.44,81.04,402,off,lower
22.33,44.58,962,off,lower
12.51,57.05,768,heat,lower
15.12,72.16,512,cool,keep
18.13,58.37,666,off,keep
31.41,30.32,681,cool,keep
11.33,61.73,769,heat,lower
19.88,39.61,625,off,keep
37.11,37.92,536,cool,keep
27.4,27.6,81,cool,raise
21.82,72.71,1022,off,lower
11.48,40.17,579,heat,keep
20.16,61.46,306,off,keep
22.9,66.15,149,off,raise
19.63,55.56,639,cool,keep
27.92,59.14,795,cool,lower
29.39,59.76,810,cool,lower
24.96,59.22,931,off,lower
32.65,46.43,938,cool,keep
18.44,41.3,668,off,keep
28.51,47.24,979,cool,lower
32.45,55.41,33,cool,raise
31.9,61.53,408,cool,keep
19.46,71.62,495,off,keep
13.9,62.09,746,heat,keep
17.5,42.11,332,heat,keep
22.33,21.02,312,off,keep
24.83,42.75,872,off,lower
9.33,35.81,643,heat,keep
15.07,45.8,640,heat,keep
26.18,61.9,179,cool,raise
9.05,57.07,516,heat,keep
29.39,82.58,468,cool,keep
13.4,64.02,654,heat,keep
26.74,81.69,919,cool,lower
10.73,68.57,264,heat,raise
25.29,71.71,807,off,lower
10.2,49.16,645,heat,keep
12.09,36.95,528,heat,keep
23.83,49.52,996,off,lower
11.5,54.26,140,heat,raise
28.94,45.39,693,cool,keep
15.19,36.64,449,heat,keep
21.61,60.38,660,off,keep
28.57,38.78,157,cool,raise
22.07,32.83,766,off,lower
30.8,37.63,62,cool,raise
11.29,46.19,356,heat,keep
28.31,39.31,938,cool,lower
22.7,48.67,639,off,keep
21.51,61.92,487,off,keep
12.99,65.62,320,heat,keep
23.07,41.71,137,off,raise
21.66,36.03,101,off,raise
29.25,45.35,738,cool,keep
25.0,63.43,299,off,raise
14.67,66.38,69,heat,raise
18.27,60.93,448,off,keep
21.36,73.89,417,cool,keep
22.31,77.49,958,off,lower
18.93,50.05,196,off,raise
25.44,74.93,254,off,raise
14.62,51.87,211,heat,raise
32.66,67.94,177,cool,raise
20.03,64.71,549,off,keep
18.51,22.79,194,off,raise
30.38,39.45,769,cool,keep
28.76,36.28,829,cool,lower
17.52,25.97,486,heat,keep
21.08,68.82,241,off,raise
20.04,86.92,902,off,lower
11.33,56.55,1000,heat,lower
22.75,69.67,935,off,lower
30.01,79.62,869,cool,lower
12.42,54.59,859,heat,lower
23.58,50.7,738,off,keep
26.5,50.72,957,cool,lower
18.26,66.64,327,off,keep
20.3,73.07,987,off,lower
28.9,60.55,19,cool,raise
21.5,60.24,813,heat,lower
27.54,55.32,336,cool,keep
30.69,30.71,278,cool,raise
12.95,68.12,699,heat,keep
14.62,37.0,168,heat,raise
34.66,69.72,977,cool,lower
21.69,68.95,741,off,keep
30.98,41.63,17,cool,raise
19.59,42.19,833,off,lower
34.95,88.97,60,cool,raise
28.35,51.91,849,cool,lower
19.35,40.05,824,off,lower
14.17,69.73,653,cool,keep
22.78,44.62,632,off,keep
13.86,24.71,800,heat,lower
19.76,61.83,871,off,raise
19.01,40.44,740,off,keep
31.8,61.34,170,cool,raise
16.79,43.62,645,heat,keep
29.43,68.45,189,cool,raise
15.28,60.97,35,heat,lower
28.45,20.0,115,cool,raise
20.47,61.68,480,off,keep
10.75,51.58,986,heat,lower
24.13,76.06,17,off,keep
14.58,62.81,99,heat,raise
12.44,67.32,80,heat,raise
11.19,43.19,231,heat,raise
21.31,42.86,546,off,keep
25.79,53.92,817,off,lower
14.57,48.14,24,off,raise
26.02,74.9,825,cool,lower
26.22,50.11,908,heat,lower
20.04,37.58,84,off,raise
21.09,45.39,450,off,keep
26.13,69.58,823,cool,lower
34.81,54.38,714,cool,keep
22.31,52.0,214,off,raise
22.79,68.86,137,off,raise
19.3,45.29,460,off,keep
23.75,20.0,878,off,lower
29.23,42.23,940,cool,lower
24.76,57.09,502,off,keep
19.08,54.42,562,off,keep
14.22,32.03,596,heat,keep
16.56,75.35,473,heat,keep
23.27,57.52,638,off,keep
22.67,59.31,278,off,raise
25.54,57.87,549,off,keep
28.86,37.74,627,cool,keep
22.61,57.87,567,off,keep
33.33,67.77,1002,cool,lower
18.85,74.56,698,off,keep
28.04,67.93,767,cool,lower
26.11,61.48,861,cool,lower
11.06,28.03,526,heat,lower
18.68,51.26,318,off,keep
35.16,36.54,590,cool,keep
31.27,75.76,944,cool,lower
33.32,73.7,907,cool,lower
21.13,41.46,408,off,keep
20.73,54.68,544,off,lower
17.3,57.32,251,heat,raise
34.49,71.45,1,cool,raise
26.65,26.3,340,cool,keep
30.36,20.92,115,cool,raise
27.27,55.89,384,cool,keep
28.52,20.0,0,cool,raise
15.66,57.37,275,heat,raise
17.59,62.84,775,heat,lower
14.87,74.62,883,heat,lower
15.65,43.23,916,heat,lower
20.44,57.13,542,off,keep
29.14,65.64,548,cool,keep
30.86,36.7,1004,cool,lower
23.33,68.74,533,off,keep
33.96,59.55,67,cool,raise
22.24,42.4,967,off,lower
32.34,53.79,642,cool,keep
16.65,53.18,668,heat,keep
31.75,65.48,122,cool,raise
12.49,48.5,503,heat,keep
22.0,59.54,424,off,keep
27.67,43.71,874,cool,lower
30.67,36.11,420,cool,keep
12.69,60.89,356,heat,keep
27.92,43.97,693,cool,keep
24.04,69.4,34,off,raise
18.85,61.64,776,off,lower
10.36,43.37,0,heat,raise
26.34,55.67,283,off,raise
14.05,43.33,456,heat,keep
24.18,30.24,181,off,raise
13.68,43.89,47,heat,raise
24.39,55.25,427,off,keep
33.24,62.3,741,cool,keep
21.4,60.69,212,off,raise
27.82,68.79,273,cool,raise
17.58,35.19,720,heat,keep
30.68,45.73,932,cool,lower
24.25,83.86,523,off,keep
19.18,25.32,558,off,raise
18.38,48.7,855,off,lower
16.1,38.95,76,heat,raise
21.4,54.9,1006,off,lower
15.95,44.67,479,heat,keep
15.8,66.69,388,heat,keep
27.0,61.35,627,cool,keep
22.63,35.43,932,off,lower
16.32,47.0,995,heat,lower
29.01,54.26,764,cool,lower
26.71,62.72,503,cool,keep
21.24,92.65,128,off,raise
20.26,66.04,242,off,raise
19.46,40.35,857,off,lower
22.93,54.56,96,off,raise
13.36,56.51,487,heat,keep
22.93,50.2,380,off,keep
23.37,62.07,710,off,keep
18.95,22.01,366,off,keep
25.81,62.75,753,off,lower
13.9,49.95,547,heat,keep
28.93,53.56,904,cool,lower
20.31,76.82,205,off,raise
28.67,38.49,799,cool,lower
26.29,55.65,794,cool,lower
28.6,66.35,828,cool,lower
20.17,56.33,539,off,keep
19.7,31.53,300,off,keep
17.91,75.89,558,heat,keep
21.29,51.81,980,off,lower
24.2,45.66,181,off,raise
11.24,50.29,669,heat,keep
10.51,49.91,209,heat,raise
21.07,36.79,802,off,lower
27.48,59.69,463,cool,raise
20.4,47.27,826,off,lower
22.96,65.1,162,off,raise
19.27,58.07,98,off,raise
24.04,78.95,995,off,lower
20.02,53.09,379,off,keep
13.44,42.39,81,heat,raise
34.41,33.56,837,cool,lower
22.58,87.45,382,off,keep
26.89,65.4,992,cool,lower
20.33,47.42,480,off,keep
27.34,81.97,724,cool,keep
23.41,72.75,608,off,raise
39.24,31.41,465,cool,lower
24.9,44.58,484,off,keep
27.98,55.35,225,cool,raise
30.85,35.63,703,cool,keep
29.65,53.13,535,cool,keep
22.1,70.43,48,heat,raise
19.13,33.86,382,off,keep
12.84,64.45,437,heat,keep
25.69,70.88,932,off,lower
29.49,59.71,455,cool,keep
15.48,52.46,629,heat,keep
25.21,42.42,107,off,raise
28.13,64.08,446,cool,keep
23.15,36.9,261,heat,raise
16.17,58.93,528,heat,keep
32.42,53.95,957,cool,lower
13.48,70.93,935,heat,lower
34.71,49.15,205,cool,raise
29.01,49.48,595,cool,keep
22.78,35.85,958,cool,lower
15.56,62.42,248,heat,raise
5.16,45.37,433,heat,keep
22.19,42.61,512,off,keep
26.27,43.37,0,cool,raise
24.61,62.31,472,off,keep
19.54,38.52,122,off,raise
14.87,39.53,301,heat,keep
23.14,65.82,138,off,raise
15.83,55.87,787,heat,lower
22.18,71.23,825,off,lower
17.23,48.83,279,heat,raise
27.45,51.46,5,cool,raise
32.4,52.43,460,heat,keep
19.9,79.82,142,off,raise
19.79,74.24,501,off,keep
12.64,73.82,548,heat,keep
25.61,43.67,523,off,keep
22.8,39.58,517,off,keep
14.57,65.9,574,heat,keep
21.47,76.13,208,off,raise
19.3,72.62,676,off,raise
20.8,53.35,706,off,keep
9.44,64.05,137,heat,raise
26.36,66.02,425,cool,keep
32.93,53.73,282,cool,keep
27.11,56.24,351,cool,keep
15.0,56.16,822,heat,lower
23.33,43.97,615,off,keep
22.12,47.72,925,off,lower
19.27,43.52,564,off,keep
30.14,31.08,52,cool,raise
27.36,53.41,750,cool,keep
23.96,55.06,68,off,raise
15.16,64.61,374,heat,keep
18.43,73.29,962,off,lower
23.54,75.82,1010,off,lower
25.0,77.31,173,off,raise
34.58,40.74,995,cool,lower
27.12,35.12,970,heat,lower
31.47,68.88,897,cool,lower
23.29,78.27,848,off,lower
29.06,81.26,70,cool,raise
27.35,65.49,152,cool,lower
13.94,22.2,640,heat,keep
20.37,61.29,101,off,raise
21.7,60.18,255,off,raise
16.55,76.38,1002,heat,lower
23.81,79.33,945,off,lower
20.47,70.6,261,off,raise
16.33,45.34,547,heat,keep
24.42,40.65,517,off,keep
29.2,61.9,251,cool,raise
15.12,43.14,247,heat,raise
30.72,76.94,451,cool,keep
27.39,25.43,577,cool,keep
23.27,61.88,808,off,lower
26.23,64.33,836,cool,lower
27.79,51.73,54,cool,raise
14.41,41.44,678,heat,keep
12.14,24.06,640,heat,keep
30.33,46.21,45,cool,raise
15.89,47.36,838,heat,lower
34.99,70.86,597,cool,keep
34.01,38.69,748,cool,keep
15.85,63.36,669,heat,keep
24.02,38.84,354,off,keep
24.16,59.88,208,off,raise
23.99,20.61,393,off,keep
18.6,89.43,788,off,lower
11.75,51.34,638,heat,keep
24.48,20.0,633,off,keep
16.78,52.89,155,heat,raise
17.54,43.13,54,heat,raise
31.12,45.3,705,cool,keep
27.25,51.29,903,cool,lower
6.51,46.61,348,heat,keep
16.77,41.43,458,heat,keep
24.04,34.15,952,off,lower
19.34,68.51,208,off,raise
14.14,74.5,523,heat,raise
25.29,50.59,96,off,raise
9.6,58.03,284,heat,raise
27.04,40.99,373,cool,keep
34.29,57.61,689,cool,keep
22.58,57.89,293,off,raise
13.36,47.53,483,heat,keep
11.48,60.59,315,heat,keep
15.48,55.96,166,heat,raise
21.87,34.47,815,off,lower
29.67,74.19,656,cool,keep
26.24,54.23,652,cool,keep
28.87,76.23,617,cool,keep
28.9,60.79,92,cool,raise
24.52,84.53,524,off,keep
14.23,72.04,732,heat,keep
32.79,55.65,556,cool,keep
23.08,46.82,724,off,keep
23.99,41.77,332,off,keep
18.17,59.1,568,off,keep
12.8,54.4,374,heat,keep
24.06,47.13,1023,off,lower
19.55,66.96,192,off,raise
22.26,54.04,284,off,raise
16.54,68.64,708,heat,keep
16.08,41.03,55,heat,raise
34.53,65.38,581,cool,keep
17.4,63.55,0,heat,raise
29.72,75.33,532,cool,keep
15.71,69.42,321,heat,keep
21.2,53.26,190,off,raise
13.65,56.31,536,heat,keep
32.62,80.33,327,cool,keep
18.44,50.31,92,off,raise
18.45,66.89,550,off,keep
25.09,49.38,599,off,keep
18.22,26.53,673,off,keep
30.23,36.77,930,cool,lower
28.16,64.23,715,off,keep
28.66,67.13,790,cool,lower
27.92,60.99,702,cool,keep
19.17,70.46,668,off,keep
16.12,59.41,800,heat,lower
27.26,45.27,655,cool,keep
11.66,60.73,524,heat,keep
26.82,62.35,735,cool,keep
27.14,46.3,1023,cool,lower
11.98,59.33,519,heat,keep
25.15,56.55,224,off,raise
26.05,44.32,388,cool,keep
28.51,51.49,11,cool,raise
27.07,73.18,327,cool,keep
28.4,75.24,906,cool,lower
24.47,53.58,98,off,raise
20.09,54.66,883,off,lower
19.52,31.85,631,off,keep
20.06,79.79,320,off,keep
29.27,69.02,448,cool,keep
16.77,66.35,872,heat,lower
18.53,22.66,112,off,raise
19.85,56.34,627,off,keep
28.68,55.69,269,cool,raise
12.78,64.25,544,off,keep
29.93,48.88,827,cool,lower
28.13,52.25,965,cool,raise
12.52,66.59,277,heat,raise
12.35,41.94,683,off,keep
9.69,47.97,407,heat,lower
29.32,56.19,495,cool,keep
21.16,73.94,125,off,raise
23.39,66.41,871,off,lower
11.38,72.04,162,heat,lower
15.52,53.78,26,heat,raise
16.96,75.53,780,heat,lower
23.05,27.59,398,cool,keep
24.48,85.43,59,off,raise
20.85,85.4,684,off,keep
28.59,62.38,290,cool,raise
17.04,66.77,1008,off,lower
20.52,55.75,970,off,lower
22.05,51.98,574,heat,keep
18.86,49.34,493,off,keep
16.78,54.51,465,heat,keep
15.93,60.9,623,heat,keep
8.59,60.87,939,heat,lower
20.72,84.84,645,off,keep
16.8,54.69,112,heat,raise
14.73,35.7,228,cool,raise
35.73,79.04,631,cool,lower
26.74,35.4,366,off,keep
10.39,46.97,505,off,keep
16.0,57.26,396,heat,keep
32.04,63.19,592,off,keep
31.63,34.85,246,cool,raise
14.27,44.06,64,heat,raise
19.16,33.97,269,off,raise
26.08,63.33,672,off,keep
30.27,69.75,601,cool,lower
28.49,36.02,827,cool,lower
15.92,68.93,121,heat,raise
10.07,64.89,152,heat,raise
23.88,43.0,145,off,lower
25.04,22.8,562,off,keep
27.72,36.82,615,cool,keep
25.24,48.74,121,off,raise
21.62,79.15,440,off,keep
23.67,55.16,52,off,lower
16.88,40.92,608,heat,keep
15.01,59.38,575,heat,keep
13.41,35.62,2,heat,raise
28.18,65.75,84,cool,raise
16.0,37.87,732,heat,keep
31.48,42.38,906,cool,lower
33.72,58.58,848,cool,lower
13.74,83.74,568,heat,keep
17.71,88.81,563,heat,keep
18.14,41.78,854,off,lower
27.4,43.24,849,cool,lower
18.89,61.53,940,off,lower
12.36,68.96,408,heat,keep
25.86,23.26,519,off,keep
15.82,55.45,84,heat,raise
20.04,49.2,173,cool,raise
22.4,26.2,425,off,keep
20.73,30.68,804,off,lower
25.22,43.16,464,off,keep
15.36,56.05,635,heat,keep
15.57,71.05,902,heat,lower
21.3,55.88,467,off,keep
21.84,69.05,321,cool,keep
28.62,53.37,711,cool,keep
23.96,42.21,359,off,keep
34.88,50.93,368,cool,keep
29.21,65.68,926,cool,lower
31.31,69.08,411,cool,keep
27.08,48.81,319,heat,keep
25.74,41.29,820,off,lower
12.85,59.33,658,heat,keep
19.02,60.29,816,off,lower
13.43,72.88,316,heat,keep
31.37,44.12,814,cool,lower
28.09,45.07,966,cool,lower
28.04,65.85,176,cool,raise
16.73,49.22,221,heat,raise
10.93,48.16,566,heat,keep
21.18,75.45,778,off,lower
20.66,37.6,8,off,raise
23.21,85.81,611,off,keep
32.1,44.57,109,cool,raise
25.39,65.13,985,off,lower
33.51,54.66,737,cool,keep
19.17,57.27,986,off,lower
33.32,55.75,246,cool,raise
32.9,73.41,810,cool,lower
8.97,49.36,362,heat,keep
28.63,43.08,84,cool,raise
19.92,83.51,469,off,keep
27.79,59.64,503,cool,lower
23.36,42.24,523,off,keep
13.71,36.44,871,heat,lower
25.14,79.29,276,off,raise
8.49,43.81,647,heat,keep
31.55,86.55,248,cool,raise
17.28,63.02,894,heat,lower
23.81,57.01,490,heat,keep
18.79,58.45,809,off,lower
30.1,90.45,317,cool,keep
35.09,24.56,289,cool,raise
16.7,56.97,1023,heat,lower
28.48,49.3,180,cool,raise
35.14,53.91,629,cool,keep
21.55,58.15,347,off,keep
15.64,52.18,356,heat,keep
15.26,56.5,688,heat,keep
23.86,55.92,817,off,lower
12.85,33.11,508,heat,keep
22.33,61.21,667,off,keep
21.76,65.96,47,off,raise
26.32,47.11,231,cool,raise
25.13,84.58,787,off,lower
16.15,72.99,659,heat,keep
22.64,69.01,46,off,raise
18.58,67.52,896,off,lower
22.47,53.87,401,off,keep
18.08,69.48,299,off,raise
31.14,82.34,454,cool,keep
18.8,66.98,417,off,keep
32.01,45.74,478,cool,keep
22.87,52.12,178,off,raise
25.17,65.78,126,off,raise
10.52,69.59,1013,heat,lower
29.99,55.47,760,cool,lower
24.17,46.38,356,off,keep
19.65,80.27,899,cool,lower
14.93,37.27,804,heat,lower
23.65,41.32,731,off,keep
12.6,34.98,755,heat,lower
29.36,41.38,966,cool,lower
29.56,70.08,822,cool,lower
24.72,77.95,240,off,raise
12.11,57.13,775,heat,lower
9.29,60.14,176,heat,raise
27.28,56.0,517,cool,keep
27.27,34.15,53,cool,raise
15.37,88.44,216,heat,raise
17.69,71.23,716,heat,keep
18.3,59.73,383,off,keep
32.8,41.19,177,cool,raise
27.76,53.94,969,cool,lower
20.71,47.95,941,off,lower
24.06,59.85,222,off,raise
32.12,61.97,633,cool,keep
12.49,50.05,289,heat,raise
22.24,33.96,787,off,lower
16.09,87.75,665,heat,keep
23.14,56.2,425,cool,keep
19.28,64.14,915,off,lower
33.78,50.04,771,cool,lower
26.7,33.04,174,cool,raise
23.07,49.19,454,off,keep
26.48,51.06,842,heat,lower
11.46,67.65,569,off,keep
34.96,68.56,119,cool,raise
33.43,65.47,767,cool,lower
34.56,67.1,470,cool,keep
21.08,79.19,260,off,raise
25.37,61.16,841,off,lower
21.6,71.02,920,off,lower
22.02,61.91,578,off,keep
10.37,29.56,714,heat,keep
25.09,50.17,257,off,raise
22.26,41.29,746,off,keep
25.32,61.86,887,off,lower
23.37,42.51,226,off,raise
19.26,64.22,959,off,lower
23.07,69.37,134,off,raise
18.26,74.47,435,off,keep
12.13,75.18,72,heat,raise
12.15,29.45,509,heat,keep
25.06,37.12,634,off,raise
23.68,95.0,907,off,lower
34.03,70.83,135,cool,raise
32.28,59.94,918,cool,lower
27.75,56.38,1023,cool,lower
28.88,57.71,87,cool,raise
29.78,25.13,987,cool,lower
17.38,44.41,904,heat,lower
30.47,54.27,24,cool,raise
29.83,43.79,49,cool,raise
27.16,48.49,705,cool,keep
30.03,93.96,375,cool,keep
21.91,48.82,246,off,raise
24.4,60.67,412,off,keep
27.35,57.64,376,heat,keep
16.99,63.2,979,heat,lower
21.17,47.34,250,off,raise
11.2,75.18,47,heat,raise
28.23,63.81,829,cool,lower
11.38,35.37,797,heat,lower
20.24,52.95,970,off,lower
23.64,48.32,998,off,lower
29.19,50.31,45,cool,raise
15.15,60.75,800,heat,lower
20.26,65.14,339,off,keep
31.53,62.54,420,heat,keep
14.27,58.27,434,heat,keep
13.79,56.59,1023,heat,lower
21.9,22.6,503,off,keep
26.65,61.59,260,cool,raise
28.59,64.54,87,cool,raise
27.2,42.25,613,cool,keep
25.5,58.73,813,off,lower
25.01,65.42,791,off,lower
33.77,71.92,946,cool,lower
13.79,59.45,24,heat,lower
27.7,64.15,425,cool,keep
16.57,70.7,609,heat,keep
16.93,52.28,887,heat,lower
17.1,60.61,288,heat,raise
14.87,47.94,695,heat,keep
14.19,68.91,196,heat,raise
28.88,30.36,585,cool,keep
30.03,68.73,769,cool,lower
17.64,54.01,860,heat,lower
22.91,71.3,453,off,keep
21.34,43.9,479,off,keep
25.26,56.77,913,off,lower
19.37,54.47,588,off,lower
18.81,62.32,334,off,keep
35.67,43.15,286,cool,raise
15.38,64.89,705,heat,keep
11.9,28.42,723,heat,keep
24.95,46.39,576,off,raise
32.26,29.27,103,cool,raise
17.71,67.16,141,heat,raise
30.57,60.68,242,cool,raise
32.53,57.59,21,cool,raise
13.69,78.68,521,heat,keep
21.81,48.4,381,off,keep
20.27,65.5,429,off,keep
14.88,54.47,970,heat,lower
33.11,57.79,238,cool,raise
17.2,74.04,791,heat,lower
21.29,90.07,181,off,raise
13.29,48.18,651,heat,keep
19.13,67.4,881,off,lower
24.51,62.92,852,off,lower
11.6,58.13,580,heat,keep
23.42,58.81,230,heat,raise
20.49,51.08,382,off,keep
29.79,20.0,428,cool,keep
23.86,78.11,863,off,lower
15.46,44.39,369,heat,keep
22.7,53.07,823,off,lower
17.6,52.05,936,heat,lower
12.14,45.18,97,heat,raise
26.86,59.39,912,cool,lower
22.07,55.64,592,off,keep
23.26,46.52,598,off,keep
14.61,56.62,302,heat,keep
27.25,56.72,340,cool,keep
20.31,68.6,532,off,keep
11.68,32.09,173,heat,raise
21.21,42.26,740,off,raise
30.21,64.43,729,cool,keep
31.63,46.15,30,cool,raise
12.93,40.88,246,heat,raise
21.25,46.4,492,heat,keep
21.9,55.51,754,off,lower
14.22,56.51,293,heat,raise
11.65,52.44,943,heat,lower
32.54,41.74,568,cool,keep
28.0,66.24,546,cool,keep
33.07,71.77,54,cool,raise
18.21,23.98,614,off,keep
15.71,31.31,852,heat,raise
28.5,71.63,207,cool,raise
14.13,78.16,553,heat,keep
20.97,25.43,21,off,raise
24.97,70.89,244,off,raise
31.81,77.79,52,cool,raise
29.39,46.31,802,cool,lower
20.63,75.43,1023,off,lower
12.51,56.03,73,heat,raise
29.5,59.65,705,cool,keep
17.99,43.75,614,heat,keep
28.99,70.0,736,cool,keep
23.81,65.92,513,off,keep
27.97,83.87,1008,cool,lower
16.62,75.23,0,heat,raise
12.14,53.73,130,heat,raise
14.85,95.0,237,heat,raise
27.49,73.8,769,cool,lower
22.18,61.71,80,off,raise
34.98,38.51,147,cool,raise
23.23,31.7,738,cool,keep
19.8,31.1,372,off,keep
26.89,44.18,719,cool,keep
18.94,75.35,381,off,keep
17.39,63.05,96,heat,raise
20.27,47.52,592,off,keep
25.6,57.01,80,off,raise
28.16,52.95,512,cool,lower
32.33,66.51,909,heat,lower
11.16,39.67,169,heat,raise
25.97,60.92,167,heat,raise
14.12,61.63,975,heat,lower
24.87,42.55,287,off,raise
25.1,78.95,390,off,keep
16.49,50.99,703,heat,keep
9.99,36.37,182,heat,raise
21.72,68.09,60,off,raise
27.01,57.28,913,cool,lower
23.32,61.04,972,off,lower
29.23,39.48,993,cool,lower
21.7,69.5,0,off,raise
27.9,86.58,520,cool,keep
28.8,36.94,879,cool,lower
28.05,60.4,868,cool,lower
27.23,39.16,323,off,keep
22.87,94.97,527,off,keep
15.91,71.53,189,heat,raise
18.26,59.5,95,off,raise
15.5,37.95,411,heat,keep
27.09,39.77,277,cool,raise
11.97,64.39,951,heat,lower
15.3,35.03,70,heat,raise
21.03,39.92,519,off,keep
28.89,50.79,593,cool,keep
12.69,57.47,49,heat,raise
31.54,59.61,439,cool,keep
20.55,47.55,974,off,lower
22.36,68.59,150,off,keep
15.51,41.38,145,heat,raise
29.42,65.6,157,cool,raise
22.34,57.73,48,heat,raise
26.93,59.69,922,cool,lower
32.24,75.29,12,cool,raise
30.66,50.43,286,cool,raise
20.59,43.87,822,cool,lower
34.96,29.77,988,cool,lower
25.35,27.15,107,off,raise
16.97,54.43,355,heat,keep
26.26,56.1,209,cool,raise
18.98,39.46,147,off,raise
21.76,43.47,979,off,lower
24.47,80.67,328,off,keep
23.75,67.45,599,off,keep
25.05,36.96,168,off,raise
14.95,44.07,324,heat,keep
26.55,57.93,406,cool,keep
9.33,46.6,607,heat,keep
22.25,44.17,919,off,lower
18.86,49.15,257,off,raise
19.76,70.15,721,off,keep
17.25,72.01,498,heat,keep
20.3,44.35,842,off,lower
16.07,57.28,327,heat,keep
14.06,55.84,412,heat,keep
17.63,39.94,681,heat,keep
19.94,51.04,453,off,keep
22.07,35.79,782,off,lower
24.34,69.68,27,off,keep
25.43,76.09,333,off,keep
16.61,51.89,167,heat,raise
16.97,43.98,130,heat,raise
20.42,72.43,62,off,raise
28.61,71.08,373,cool,keep
18.99,38.25,206,off,raise
14.73,51.9,826,heat,lower
15.38,53.54,513,heat,keep
16.16,42.76,807,heat,lower
24.65,63.68,939,heat,lower
18.09,48.36,782,off,lower
23.59,47.37,417,off,keep
18.86,52.65,1004,off,lower
17.03,30.01,357,heat,keep
11.44,21.36,838,heat,lower
23.62,71.67,227,off,raise
24.5,40.96,1023,off,lower
18.48,86.14,332,cool,keep
21.47,84.89,670,off,keep
32.76,42.2,374,cool,keep
13.54,87.58,223,heat,raise
34.56,66.39,378,cool,keep
15.28,43.99,598,heat,keep
15.98,20.0,138,heat,raise
19.68,67.38,189,off,raise
17.63,54.14,929,heat,lower
20.6,60.55,100,off,raise
31.64,51.33,789,cool,lower
25.89,36.23,343,off,keep
29.19,49.43,334,cool,keep
16.79,66.5,372,heat,keep
33.01,44.24,410,cool,keep
23.66,50.87,759,heat,lower
17.55,32.46,778,heat,lower
23.1,56.89,367,off,keep
17.63,40.68,148,heat,raise
21.38,65.21,0,off,raise
13.41,41.48,709,off,lower
16.76,50.42,892,heat,lower
27.09,82.82,2,cool,raise
18.79,49.98,589,off,keep
14.07,50.08,237,heat,raise
25.26,64.58,194,off,raise
32.84,28.38,826,cool,lower
15.29,73.3,267,heat,raise
25.79,69.05,318,off,keep
12.21,61.9,169,heat,raise
18.03,20.0,948,off,lower
12.61,48.01,902,heat,lower
24.85,38.83,918,off,lower
29.76,70.39,253,cool,raise
25.59,71.9,169,off,raise
29.34,60.98,954,cool,lower
19.05,34.65,584,off,keep
27.19,80.0,237,cool,raise
23.12,53.23,78,off,raise
27.61,78.94,822,cool,lower
21.2,58.83,805,heat,lower
28.79,63.02,0,cool,raise
20.09,43.95,531,off,keep
32.76,71.86,477,off,keep
19.26,62.46,486,off,keep
24.17,74.02,399,off,keep
23.43,55.58,372,off,keep
20.91,51.67,320,off,keep
25.45,63.68,907,off,lower
17.72,74.85,987,heat,lower
13.39,72.48,132,heat,raise
20.56,57.43,787,off,lower
32.13,28.73,606,cool,keep
26.13,63.78,244,cool,raise
14.32,32.16,219,off,raise
10.65,55.8,758,heat,lower
20.8,54.17,352,off,keep
24.94,32.44,123,off,raise
25.2,59.59,977,off,lower
23.68,86.53,930,off,lower
20.34,49.72,458,off,keep
32.72,70.82,423,cool,keep
27.45,90.96,390,cool,keep
18.03,68.02,209,off,raise
26.54,42.81,84,cool,raise
28.79,56.08,255,cool,raise
22.08,61.79,413,off,keep
18.04,78.77,139,off,raise
27.74,72.81,24,heat,raise
12.6,20.0,953,heat,lower
10.33,40.67,890,heat,lower
21.43,50.47,302,off,keep
24.04,40.64,570,off,keep
28.77,20.0,141,cool,raise
17.89,45.01,989,heat,lower
12.37,55.26,847,heat,lower
13.93,45.19,170,heat,raise
30.77,40.5,229,cool,raise
24.0,53.04,355,off,keep
16.7,60.58,74,heat,raise
30.86,47.85,386,cool,keep
20.66,78.66,688,off,keep
33.76,54.13,735,cool,keep
26.9,39.27,46,cool,raise
14.84,37.31,308,heat,keep
22.45,53.02,822,off,lower
28.59,66.11,907,cool,lower
12.16,44.4,592,heat,raise
20.14,63.52,793,off,lower
31.88,54.13,195,cool,raise
13.09,84.16,910,heat,lower
16.42,59.37,452,heat,keep
26.85,42.08,718,cool,keep
22.03,62.17,266,off,keep
24.36,68.01,198,off,raise
31.92,47.93,539,cool,keep
22.83,36.76,560,off,keep
17.29,64.73,564,heat,keep
24.08,56.06,824,off,lower
14.42,29.13,794,heat,lower
23.64,60.16,350,off,keep
14.89,48.41,497,heat,keep
29.07,33.27,92,cool,raise
13.91,47.99,820,heat,lower
25.38,71.3,165,cool,raise
28.08,71.32,79,cool,raise
14.35,69.41,506,heat,keep
21.64,61.89,958,off,lower
33.38,62.42,384,cool,keep
30.69,55.18,180,cool,lower
24.32,40.47,168,off,raise
29.21,40.55,870,cool,lower
16.31,49.32,688,heat,raise
29.6,75.72,482,cool,keep
27.15,73.49,921,cool,lower
16.5,39.57,154,heat,raise
16.82,57.22,652,heat,keep
31.26,48.61,370,cool,keep
28.36,52.45,254,cool,raise
23.6,47.8,928,off,lower
26.89,77.68,974,cool,lower
14.69,55.77,854,heat,lower
20.5,54.71,176,off,raise
17.4,58.88,703,heat,keep
26.83,38.27,341,cool,raise
30.7,55.54,357,cool,keep
29.16,71.85,219,cool,raise
28.2,80.49,599,cool,keep
16.07,37.32,854,heat,lower
30.2,36.17,231,cool,raise
26.63,53.74,534,cool,raise
27.28,74.1,627,cool,keep
18.16,61.26,676,off,keep
28.75,65.62,263,cool,raise
23.22,37.36,61,off,raise
24.75,45.15,811,off,lower
18.7,24.61,622,off,keep
9.19,52.45,684,heat,keep
16.05,21.25,605,heat,keep
27.81,72.34,351,cool,keep
30.77,81.49,301,cool,keep
28.3,59.39,674,cool,keep
21.55,31.36,846,off,lower
30.13,61.73,346,cool,keep
24.41,83.14,0,off,raise
21.94,61.43,178,off,raise
28.72,74.7,614,cool,keep
17.8,46.47,240,heat,raise
25.03,37.55,839,off,lower
30.95,54.46,326,cool,keep
15.25,26.23,521,heat,keep
16.73,87.77,212,cool,raise
21.51,55.31,483,off,keep
25.41,64.88,680,off,keep
20.14,47.35,795,off,keep
16.35,30.1,769,heat,lower
24.86,78.32,493,off,keep
28.57,39.17,469,cool,keep
19.91,59.26,349,off,keep
17.13,62.69,1023,off,lower
13.68,55.89,766,heat,lower
17.26,42.69,875,heat,lower
12.7,52.65,724,heat,keep
25.63,44.29,132,off,raise
34.11,68.43,255,cool,raise
19.02,62.98,433,off,keep
25.22,56.47,296,off,raise
20.87,48.19,949,off,lower
20.17,87.13,505,off,raise
29.76,34.81,241,heat,raise
30.34,31.04,611,cool,keep
13.77,51.62,359,off,keep
26.92,51.49,85,cool,raise
18.36,70.24,948,off,lower
21.33,63.82,971,off,lower
20.82,56.69,764,off,lower
26.54,65.88,345,cool,keep
8.4,62.98,826,heat,lower
34.51,86.34,253,cool,raise
17.9,58.76,900,off,lower
27.98,47.06,924,cool,lower
13.75,58.75,212,heat,raise
11.74,20.0,281,heat,raise
31.59,55.04,751,cool,lower
27.88,68.54,243,cool,raise
16.79,64.81,806,heat,lower
22.2,57.73,712,off,keep
22.3,65.53,264,off,raise
26.68,70.08,752,cool,lower
20.27,77.56,33,off,raise
24.73,61.41,379,off,keep
15.36,47.97,197,heat,raise
27.69,20.0,36,cool,raise
30.89,74.08,760,cool,lower
22.16,58.18,148,off,raise
25.36,57.62,721,off,keep
19.4,42.66,71,off,raise
33.34,72.23,858,cool,lower
26.13,52.77,1013,cool,lower
17.64,54.86,348,heat,keep
18.13,56.0,523,off,keep
17.38,62.24,607,heat,keep
22.19,37.78,618,off,keep
11.57,62.24,65,heat,raise
21.14,43.46,1023,heat,lower
11.89,43.78,968,heat,lower
12.6,68.3,522,heat,keep
18.47,36.29,542,off,keep
27.68,70.31,145,cool,raise
26.95,60.41,790,cool,lower
21.19,29.41,475,off,keep
16.59,77.82,293,heat,raise
14.64,59.39,349,heat,keep
29.98,59.71,100,cool,raise
26.71,69.35,824,off,lower
19.63,77.66,62,off,raise
34.03,56.57,566,cool,keep
27.47,65.47,887,cool,lower
28.28,59.53,83,cool,raise
31.65,47.71,176,cool,raise
12.79,31.21,780,heat,lower
19.37,56.84,828,off,lower
28.56,75.03,109,cool,raise
24.52,63.64,263,off,raise
32.96,36.31,621,cool,keep
11.6,74.38,569,heat,keep
24.36,51.98,534,off,keep
30.33,22.36,306,cool,keep
11.33,70.23,518,heat,keep
23.04,42.09,52,off,raise
19.52,82.13,946,off,lower
7.85,75.98,577,heat,keep
24.49,51.11,376,off,keep
11.66,64.27,394,heat,keep
33.6,88.69,376,cool,keep
19.17,67.64,481,off,keep
31.25,61.94,217,cool,raise
16.85,95.0,593,heat,keep
27.76,54.43,193,cool,raise
31.22,63.63,331,cool,keep
17.26,43.48,902,heat,lower
11.53,28.35,584,heat,keep
28.02,50.6,938,cool,lower
20.84,51.87,683,off,keep
29.48,59.0,783,cool,lower
18.77,35.7,79,off,raise
29.3,63.34,509,cool,keep
12.49,40.0,360,heat,keep
29.74,62.58,10,cool,lower
22.07,67.8,119,off,raise
15.94,50.6,169,off,raise
14.65,41.3,0,heat,raise
26.1,79.3,496,cool,keep
20.32,68.15,31,off,raise
23.11,56.04,871,cool,lower
15.52,75.47,621,off,keep
27.9,57.11,966,cool,raise
19.73,48.87,82,off,raise
17.93,38.09,73,heat,raise
26.05,51.35,897,cool,lower
29.34,64.3,381,cool,keep
10.34,77.51,772,heat,lower
30.61,55.27,193,cool,raise
31.68,74.31,36,cool,raise
15.29,50.77,498,heat,keep
28.51,44.51,562,cool,keep
32.63,34.83,100,cool,keep
21.93,44.32,19,off,raise
21.59,37.82,172,off,raise
32.88,85.07,140,cool,keep
20.55,60.97,1020,off,lower
14.24,54.13,1021,heat,lower
17.18,77.94,21,heat,raise
18.68,36.33,450,off,keep
20.42,51.75,365,heat,keep
14.31,84.68,9,heat,raise
25.7,55.12,644,off,keep
21.09,92.99,878,off,lower
16.71,66.43,620,heat,keep
23.86,74.39,900,off,lower
30.6,69.9,636,cool,keep
10.9,53.38,577,heat,keep
19.18,48.01,1002,off,lower
18.13,51.74,689,cool,keep
28.28,37.54,836,cool,lower
13.91,54.97,774,heat,lower
16.23,57.55,0,heat,raise
13.64,78.9,795,heat,lower
21.43,65.65,739,off,keep
14.08,91.89,544,heat,keep
27.06,20.65,560,cool,keep
19.69,35.29,844,off,lower
25.33,53.28,112,off,raise
15.23,75.15,570,heat,keep
28.61,52.14,817,cool,lower
15.4,36.91,248,off,raise
14.18,50.19,268,heat,raise
22.65,39.74,20,off,raise
30.49,32.05,307,cool,keep
21.72,85.26,401,off,keep
26.23,51.9,972,cool,lower
21.13,56.66,71,off,raise
28.45,53.81,621,cool,keep
24.29,52.72,31,heat,raise
12.33,40.59,832,heat,lower
18.35,54.82,485,off,keep
30.44,62.13,456,cool,keep
15.47,75.56,951,heat,lower
25.23,68.74,724,off,keep
29.68,40.54,95,cool,raise
32.51,69.12,322,cool,keep
28.66,61.19,255,cool,raise
23.63,47.92,623,off,keep
24.1,54.93,789,off,lower
23.68,63.43,639,off,keep
12.33,55.87,400,heat,keep
8.74,60.8,772,heat,lower
19.32,38.92,769,heat,lower
21.52,85.03,44,off,raise
25.67,27.44,538,off,keep
23.41,62.31,721,off,keep
19.59,58.14,593,off,keep
14.59,67.16,228,heat,raise
19.01,45.43,190,off,raise
12.51,71.81,281,heat,raise
14.52,55.22,370,heat,keep
27.49,37.69,938,cool,lower
24.76,42.16,605,off,keep
15.33,58.2,846,heat,lower
20.04,28.27,34,off,raise
30.28,80.69,845,cool,lower
29.33,69.51,172,cool,raise
22.58,83.02,576,off,keep
31.68,80.21,417,cool,keep
29.3,47.47,915,cool,lower
12.17,43.14,673,heat,keep
16.6,20.0,467,heat,keep
22.96,48.7,548,off,keep
29.73,81.9,735,cool,lower
20.82,40.65,760,off,lower
32.37,50.81,615,cool,keep
22.23,45.72,757,off,lower
29.62,61.74,811,cool,lower
19.37,74.8,14,off,raise
30.39,31.25,368,cool,keep
13.73,34.04,918,heat,lower
26.69,73.36,357,cool,keep
27.26,69.21,847,cool,lower
10.82,46.94,566,heat,keep
28.14,81.45,252,cool,raise
21.25,34.6,388,off,keep
24.35,68.44,476,off,keep
16.57,53.96,119,heat,raise
14.68,62.77,347,off,keep
25.3,20.5,719,off,keep
23.0,48.46,906,off,lower
29.71,66.71,946,cool,lower
20.42,52.69,386,off,keep
23.44,72.98,798,off,lower
31.58,72.53,368,cool,keep
10.42,40.29,807,heat,lower
26.65,68.36,864,cool,lower
26.39,40.04,478,cool,keep
28.4,57.68,636,cool,keep
36.56,66.93,922,cool,lower
20.88,43.09,149,off,raise
30.14,68.17,240,cool,raise
17.77,51.47,666,heat,lower
29.03,43.46,165,cool,lower
26.39,67.75,779,cool,lower
27.73,45.55,268,cool,raise
16.92,42.56,355,heat,keep
27.92,74.43,809,cool,keep
18.03,60.18,512,off,keep
21.0,32.51,798,off,lower
16.07,67.31,651,heat,keep
21.35,49.96,522,off,keep
10.13,32.71,587,heat,keep
17.71,22.81,818,off,lower
18.12,70.13,1023,off,lower
17.55,42.19,0,cool,raise
19.68,33.52,532,off,keep
26.07,65.09,790,cool,lower
18.46,64.72,657,off,keep
23.28,44.71,537,off,keep
18.84,63.69,802,off,lower
14.97,88.59,446,heat,keep
14.26,74.35,110,heat,raise
20.01,69.48,282,off,raise
12.92,59.68,46,heat,raise
21.99,48.38,719,off,keep
10.71,54.03,963,heat,lower
23.47,64.37,438,off,keep
35.25,36.9,785,cool,lower
31.45,45.05,1009,cool,lower
15.2,33.09,363,heat,keep
29.22,59.38,942,cool,lower
22.11,53.63,46,off,raise
15.33,45.73,695,heat,keep
21.09,65.79,199,off,raise
15.37,41.97,787,heat,lower
30.44,44.8,0,cool,raise
31.67,68.03,855,cool,lower
19.37,69.46,366,off,keep
30.24,46.68,214,cool,raise
10.97,55.36,581,heat,keep
26.08,43.09,1018,cool,lower
17.62,50.12,129,heat,raise
22.32,53.06,306,off,keep
23.86,61.36,621,off,keep
11.0,62.11,82,heat,raise
11.82,59.04,962,cool,lower
12.65,38.38,560,heat,keep
21.37,62.37,1010,off,lower
37.04,63.5,418,cool,keep
15.32,66.56,843,heat,lower
15.07,44.85,294,heat,raise
19.36,69.82,451,off,raise
25.76,34.34,367,heat,keep
22.28,50.63,565,off,keep
13.99,48.44,245,heat,raise
12.89,35.89,533,off,keep
26.27,52.83,914,cool,lower
30.23,58.01,130,cool,raise
18.87,26.75,816,off,lower
17.64,53.66,882,heat,lower
24.41,31.61,27,off,raise
16.2,85.91,676,heat,keep
25.79,56.25,508,off,keep
29.81,52.82,663,cool,raise
14.4,59.9,274,heat,raise
22.55,66.6,180,off,raise
21.68,70.46,280,off,raise
20.66,28.13,139,off,raise
23.44,74.97,430,off,keep
17.09,72.71,869,heat,lower
26.99,54.33,792,cool,lower
19.45,57.11,140,off,raise
13.17,20.0,532,heat,keep
21.92,37.49,55,off,raise
18.68,62.69,53,off,raise
15.98,73.84,619,heat,keep
20.91,64.49,312,off,keep
22.21,54.97,678,off,keep
16.65,83.5,153,heat,raise
30.25,68.43,116,cool,raise
25.29,50.72,695,off,keep
18.11,83.27,216,off,raise
19.27,37.47,4,off,raise
16.75,34.15,789,heat,lower
24.73,51.13,741,off,keep
22.57,44.56,895,off,lower
19.65,48.18,629,off,keep
31.6,66.87,457,cool,lower
19.46,55.07,671,off,keep
22.61,58.0,846,off,lower
22.74,57.72,628,off,keep
22.09,22.17,367,off,keep
24.7,32.4,903,off,lower
31.56,47.08,717,cool,keep
28.93,39.54,919,cool,lower
35.48,50.92,583,off,keep
20.08,77.46,463,off,keep
15.63,52.88,851,heat,lower
27.18,36.31,587,cool,keep
19.36,41.51,756,off,lower
27.8,79.38,943,cool,lower
12.61,80.8,332,heat,keep
32.14,65.47,200,cool,raise
22.9,30.95,108,off,raise
34.57,57.94,594,cool,keep
28.29,62.65,806,cool,lower
15.83,57.14,985,heat,lower
28.3,47.73,10,cool,raise
27.46,49.2,14,cool,raise
11.87,43.22,701,heat,keep
14.83,37.79,315,heat,keep
19.75,78.31,477,off,keep
10.37,66.42,85,heat,raise
30.79,50.82,95,cool,raise
14.77,63.55,565,heat,keep
26.1,60.24,674,cool,keep
27.6,89.89,917,cool,lower
30.67,65.39,497,cool,keep
26.36,68.77,668,cool,keep
7.53,54.09,881,heat,lower
25.94,45.37,484,off,keep
31.31,73.83,190,cool,raise
20.31,65.2,821,off,lower
21.46,39.4,0,off,raise
28.03,59.04,274,cool,raise
32.02,68.68,140,cool,lower
23.56,23.42,646,off,keep
21.69,39.34,301,off,keep
23.1,59.8,351,off,keep
25.41,29.61,664,off,keep
23.16,31.07,269,off,raise
14.62,50.73,416,heat,keep
25.06,64.01,509,off,keep
21.64,63.31,161,off,raise
25.61,75.19,941,off,lower
35.32,52.33,1023,cool,lower
32.5,47.59,715,cool,keep
13.11,32.24,155,heat,raise
14.38,49.77,511,heat,keep
24.82,64.51,384,off,keep
28.97,67.14,151,cool,raise
16.42,59.85,944,heat,lower
20.42,64.59,474,off,keep
15.91,72.28,658,heat,keep
14.98,57.16,711,heat,keep
23.51,73.6,350,off,keep
32.83,45.52,307,cool,keep
31.1,56.35,1021,cool,lower
21.74,49.23,869,off,lower
27.41,66.54,498,cool,keep
18.19,40.92,491,off,keep
14.4,47.11,16,heat,lower
29.85,23.59,180,cool,raise
31.96,64.85,0,cool,raise
11.02,76.32,834,heat,lower
12.05,66.2,995,off,keep
9.32,67.22,160,heat,raise
30.77,68.47,316,cool,keep
10.23,64.27,376,heat,keep
7.46,63.54,796,off,lower
18.52,66.41,403,off,keep
16.45,45.38,70,heat,raise
26.14,52.22,584,cool,keep
16.36,54.09,170,heat,raise
24.11,49.9,649,off,keep
16.67,30.71,895,heat,lower
20.7,35.79,79,off,raise
21.22,57.37,1010,off,lower
27.04,68.53,696,cool,lower
29.25,53.4,0,cool,raise
14.62,95.0,197,heat,raise
28.66,40.47,159,cool,raise
29.39,59.81,933,cool,lower
28.84,70.47,703,cool,keep
28.64,72.88,380,cool,keep
14.75,66.32,549,heat,keep
16.65,69.44,362,heat,keep
15.77,57.19,412,heat,keep
20.23,77.89,637,off,keep
20.91,73.63,192,off,raise
28.49,41.16,801,heat,lower
15.52,59.27,950,heat,keep
10.68,33.08,943,off,lower
12.44,77.02,187,heat,raise
30.27,57.68,458,cool,keep
21.36,76.72,244,off,raise
27.68,53.48,684,cool,raise
21.8,25.97,345,off,keep
31.84,95.0,375,cool,keep
33.9,58.95,123,cool,raise
31.01,42.11,554,cool,keep
29.08,69.54,553,cool,keep
9.87,82.99,559,heat,keep
15.97,53.96,376,heat,keep
29.44,52.94,794,cool,raise
31.86,54.17,583,cool,keep
23.51,36.88,144,off,raise
22.48,43.76,391,off,keep
22.74,81.1,663,off,keep
25.88,54.55,114,off,raise
22.38,40.58,373,off,keep
29.95,50.09,914,cool,lower
19.1,71.66,421,off,keep
29.59,22.79,465,cool,keep
19.57,58.18,694,cool,keep
14.4,92.92,307,heat,keep
23.2,85.55,847,off,lower
28.09,64.36,13,cool,raise
28.69,73.57,458,cool,keep
31.09,75.71,664,cool,keep
23.21,52.32,244,off,raise
24.16,73.96,786,off,lower
35.32,79.19,83,cool,raise
27.84,41.44,678,cool,keep
32.61,61.75,632,cool,keep
31.86,62.96,864,off,lower
24.07,58.2,173,off,raise
27.86,53.4,121,cool,raise
31.35,59.67,554,cool,keep
11.06,58.74,995,heat,lower
16.69,72.33,814,heat,lower
15.99,62.44,207,off,raise
27.94,51.63,428,cool,keep
23.51,41.54,284,off,keep
21.39,48.6,788,off,lower
21.84,57.11,534,off,keep
21.31,42.68,442,off,keep
17.61,71.1,0,heat,raise
21.61,62.31,635,off,keep
28.79,69.54,458,cool,keep
25.32,43.41,70,off,raise
14.45,38.26,169,heat,raise
31.75,73.86,730,cool,keep
12.78,58.33,770,heat,lower
27.08,49.78,548,cool,keep
24.68,66.78,785,off,lower
32.25,68.89,735,off,keep
11.2,33.08,606,heat,keep
24.53,74.54,237,off,raise
10.86,45.72,423,heat,keep
28.54,82.4,804,cool,lower
21.5,34.8,342,off,keep
11.95,58.96,682,heat,keep
20.1,52.67,817,off,lower
15.4,24.26,512,heat,keep
22.31,64.07,464,off,keep
20.18,26.69,176,off,raise
23.5,49.4,515,off,keep
24.89,70.63,66,off,raise
17.62,46.74,126,heat,raise
14.2,41.63,521,heat,keep
18.04,68.21,215,off,raise
12.47,52.42,390,heat,keep
14.94,45.92,356,heat,lower
16.23,76.94,503,heat,keep
10.23,37.61,731,heat,keep
30.55,47.44,474,cool,keep
20.02,66.19,875,off,lower
26.61,40.5,511,cool,keep
23.23,86.35,978,off,lower
23.18,55.48,1023,off,lower
18.74,68.36,391,off,raise
26.91,68.77,790,cool,lower
29.87,55.7,462,cool,keep
29.19,47.33,880,cool,lower
37.06,55.44,759,cool,lower
13.6,66.14,359,heat,keep
22.93,44.04,348,off,keep
19.3,39.82,898,off,lower
25.68,76.99,545,off,keep
20.05,47.03,743,off,keep
17.39,60.3,682,heat,keep
16.29,50.88,167,heat,raise
19.66,52.06,235,off,raise
18.56,76.75,982,off,lower
16.88,52.15,265,heat,raise
11.44,48.61,909,heat,lower
27.09,48.07,321,cool,keep
28.14,45.8,842,cool,lower
22.5,45.42,583,off,keep
23.36,49.59,97,off,raise
12.4,81.78,269,heat,raise
32.2,66.53,972,cool,lower
22.91,46.76,195,off,raise
23.83,68.0,265,off,raise
28.05,30.8,127,cool,raise
20.54,77.56,642,off,keep
33.52,73.31,844,cool,lower
16.57,86.11,934,heat,lower
22.34,73.07,897,off,lower
25.91,60.09,904,off,lower
30.11,72.11,967,cool,lower
29.28,46.07,571,cool,keep
16.29,48.97,931,heat,lower
28.25,53.04,668,cool,keep
27.21,75.53,148,cool,raise
14.9,40.31,46,heat,raise
15.37,39.55,57,heat,raise
14.76,58.48,383,heat,keep
14.65,61.69,477,heat,keep
24.45,46.36,674,off,keep
16.49,62.31,518,heat,keep
16.32,73.65,355,heat,keep
19.05,75.01,794,off,keep
27.7,61.44,878,cool,lower
25.78,53.82,189,off,raise
25.73,77.62,291,off,raise
15.85,54.02,922,heat,lower
13.32,68.67,1023,heat,lower
14.4,84.09,316,heat,keep
29.08,69.81,489,cool,keep
13.87,44.03,611,heat,lower
21.93,37.64,662,off,keep
30.54,49.47,830,cool,lower
21.51,68.07,106,off,raise
13.69,60.49,543,heat,keep
19.85,82.86,227,off,raise
17.85,59.03,766,heat,lower
11.34,45.34,628,heat,keep
27.01,37.23,781,cool,lower
23.82,72.35,927,off,lower
11.49,51.72,802,heat,lower
17.08,30.7,877,heat,lower
28.12,52.48,814,cool,lower
21.65,39.81,614,off,keep
35.84,46.91,372,cool,keep
19.91,57.11,341,off,keep
18.16,41.76,350,off,keep
28.96,50.9,617,cool,keep
30.56,42.93,855,cool,lower
19.92,48.53,369,off,keep
11.49,39.88,596,heat,keep
23.39,46.7,417,off,keep
31.21,46.4,654,cool,keep
25.05,60.14,879,off,lower
23.44,56.91,409,off,keep
21.14,69.59,424,off,keep
14.34,79.62,258,heat,raise
31.84,61.03,480,cool,keep
18.76,62.98,491,off,keep
26.74,63.45,119,cool,raise
33.46,61.49,992,cool,lower
19.33,57.54,876,off,keep
24.22,55.49,254,off,raise
22.21,40.5,994,off,lower
26.75,70.01,281,cool,raise
30.86,57.75,404,cool,keep
13.26,74.24,141,heat,raise
31.42,69.69,648,cool,keep
30.49,45.07,447,cool,keep
7.37,73.41,194,off,raise
26.36,20.0,293,cool,raise
21.58,82.89,937,off,lower
9.29,34.08,736,heat,raise
15.32,65.29,146,heat,raise
21.64,59.1,145,off,raise
26.37,67.08,66,cool,raise
15.48,50.06,214,heat,raise
22.16,20.3,755,off,lower
7.84,49.81,29,heat,raise
17.61,53.03,220,heat,raise
18.42,24.06,14,off,raise
28.64,54.82,635,cool,keep
24.0,38.55,827,off,lower
18.64,66.43,531,heat,keep
21.54,49.0,934,off,lower
14.26,85.87,664,heat,keep
28.61,49.15,775,cool,lower
21.33,62.66,308,off,keep
23.36,48.72,890,off,lower
14.65,31.74,652,heat,keep
24.22,51.73,91,off,raise
11.38,66.49,59,heat,raise
15.83,65.95,919,cool,lower
32.62,48.96,268,cool,raise
29.94,33.1,509,cool,keep
22.76,65.27,780,off,lower
23.96,60.69,788,off,lower
33.93,69.08,0,cool,raise
22.61,51.55,615,off,keep
30.91,28.57,941,cool,lower
19.67,65.53,356,off,keep
15.47,55.99,552,heat,keep
12.85,74.19,227,heat,raise
27.05,53.73,717,cool,keep
12.84,53.88,113,heat,raise
29.75,62.15,561,cool,keep
19.44,41.62,374,off,keep
19.35,43.72,629,off,keep
23.53,52.38,457,off,keep
23.37,38.32,1013,off,lower
31.74,49.52,1023,cool,lower
34.55,84.37,299,cool,raise
16.16,69.66,52,heat,raise
28.65,58.8,478,cool,keep
24.26,75.52,613,off,keep
20.06,42.2,749,off,keep
25.83,89.35,538,cool,keep
25.72,51.01,612,off,keep
12.17,88.54,15,heat,raise
24.53,84.04,800,off,lower
36.42,26.46,332,cool,keep
22.5,78.72,399,cool,keep
10.28,51.93,480,off,keep
15.12,50.23,85,heat,raise
30.75,67.15,487,cool,keep
23.54,35.83,377,off,keep
8.31,64.85,260,heat,raise
29.84,40.44,277,cool,raise
12.29,58.75,33,heat,raise
12.23,76.59,869,heat,lower
14.65,62.27,276,heat,raise
17.31,51.6,899,heat,lower
23.3,62.0,870,off,lower
12.99,32.0,493,heat,keep
24.0,44.79,776,off,lower
9.77,46.8,237,heat,raise
20.87,70.53,220,off,raise
30.18,59.56,860,cool,lower
33.31,62.27,660,cool,keep
12.01,54.21,723,heat,keep
17.29,40.1,909,heat,lower
28.29,74.25,1,cool,raise
25.12,46.36,190,off,raise
15.95,57.85,970,heat,lower
22.69,58.36,121,off,raise
11.87,63.26,464,heat,keep
32.57,43.86,0,cool,raise
22.96,71.63,306,off,keep
5.85,70.75,187,heat,raise
13.72,69.2,284,heat,raise
23.64,56.95,842,off,lower
27.06,45.94,316,cool,keep
21.56,95.0,843,off,lower
16.15,43.18,962,heat,lower
22.09,68.58,554,off,keep
26.94,60.79,557,cool,lower
18.85,52.49,351,off,keep
18.04,55.13,666,off,keep
28.04,46.86,806,cool,lower
15.19,56.49,860,heat,lower
25.52,57.56,185,off,raise
28.66,92.66,753,cool,raise
27.68,66.98,188,cool,raise
22.55,64.04,493,off,keep
27.29,63.37,80,cool,raise
20.67,81.35,509,off,keep
18.13,41.79,846,off,lower
15.85,48.97,815,heat,lower
14.17,23.71,720,heat,keep
14.07,65.62,576,heat,raise
16.89,72.29,644,heat,keep
16.09,41.43,121,heat,raise
12.2,77.47,725,heat,keep
32.19,43.05,732,cool,keep
27.5,48.75,154,cool,raise
15.14,57.25,669,heat,keep
19.78,81.66,383,off,keep
24.21,42.98,534,off,keep
25.62,61.28,844,off,lower
24.52,64.79,365,off,raise
20.37,64.76,954,off,lower
32.04,62.74,447,cool,keep
18.28,66.7,511,off,keep
22.57,47.91,58,off,raise
24.07,79.25,92,off,raise
23.98,51.3,273,off,raise
27.11,52.07,1009,heat,lower
16.55,74.94,237,heat,raise
13.18,45.81,380,heat,keep
15.55,61.12,850,heat,lower
18.07,46.77,335,off,keep
17.64,94.12,828,heat,lower
14.84,90.69,146,heat,raise
20.64,52.35,183,off,raise
22.72,62.1,18,off,raise
26.63,55.99,114,cool,raise
29.28,49.04,627,cool,keep
19.14,57.7,69,off,keep
19.99,52.76,625,off,keep
26.89,36.05,674,cool,keep
22.97,59.33,233,off,raise
19.49,54.62,45,off,raise
11.23,58.72,160,heat,raise
26.07,57.66,135,cool,raise
20.46,47.09,552,off,keep
21.48,66.72,921,off,lower
19.05,64.7,440,off,keep
18.55,76.42,614,off,keep
13.43,61.27,348,heat,keep
20.67,50.94,117,off,raise
15.9,63.67,203,heat,raise
35.03,25.5,443,heat,keep
17.57,89.66,891,off,lower
24.44,60.33,252,off,raise
29.63,89.81,1023,cool,lower
29.19,41.09,689,cool,keep
31.36,39.27,379,cool,keep
19.08,57.38,623,off,keep
18.12,60.8,707,off,keep
18.72,60.31,709,off,keep
10.77,61.43,894,heat,lower
17.14,48.69,659,heat,keep
14.87,32.2,0,heat,raise
28.33,57.61,434,cool,keep
14.36,34.18,929,heat,lower
36.25,33.76,222,cool,raise
10.07,51.89,489,heat,keep
26.74,62.29,546,cool,keep
17.94,85.85,596,heat,keep
17.6,71.31,890,heat,lower
22.01,74.51,557,off,keep
16.97,63.39,7,heat,raise
20.18,61.54,250,off,raise
13.93,91.03,659,heat,keep
21.14,32.1,810,off,lower
30.54,46.64,657,cool,keep
20.33,52.08,719,off,keep
20.33,67.66,245,off,raise
14.97,40.77,116,heat,raise
13.65,64.39,987,heat,lower
28.72,64.45,608,cool,lower
17.15,66.66,791,heat,lower
19.27,67.82,996,off,lower
15.5,77.12,190,heat,raise
25.23,55.27,900,off,lower
35.53,61.9,360,cool,keep
18.85,43.79,659,off,keep
14.14,39.98,428,heat,keep
13.91,81.52,229,heat,keep
35.98,43.38,913,cool,lower
27.1,63.63,348,cool,keep
14.6,62.73,16,heat,lower
28.81,73.0,149,cool,raise
21.6,31.14,965,off,lower
34.84,68.22,847,cool,lower
36.74,52.36,610,cool,keep
20.73,46.17,783,off,lower
18.45,52.58,665,off,keep
26.95,67.89,994,cool,lower
21.69,63.33,102,off,raise
17.74,51.76,65,heat,raise
26.87,37.53,690,cool,keep
24.47,34.58,1023,off,lower
22.7,67.44,574,off,keep
23.33,35.47,1023,off,lower
15.34,48.53,391,heat,keep
24.44,92.99,713,off,keep
21.1,61.29,519,off,keep
25.05,62.59,887,off,lower
14.29,41.03,687,heat,keep
29.13,36.96,481,heat,keep
28.17,68.29,245,cool,raise
14.53,48.71,319,heat,keep
25.87,73.43,65,off,raise
14.44,55.83,163,cool,raise
18.22,95.0,493,off,keep
29.33,48.62,0,cool,raise
23.23,60.7,435,off,keep
26.53,44.7,37,cool,raise
26.62,72.26,138,cool,raise
23.2,62.18,705,off,keep
13.49,43.77,16,heat,keep
22.21,53.85,326,off,keep
27.46,77.25,177,cool,raise
13.05,77.95,79,heat,raise
28.1,34.81,218,cool,raise
27.53,49.25,153,cool,raise
24.01,83.83,84,off,raise
24.24,53.73,633,off,keep
28.87,58.63,100,cool,raise
23.5,70.47,963,off,lower
24.01,34.53,504,off,lower
10.16,42.63,402,heat,keep
18.76,54.04,876,off,lower
29.01,76.2,780,cool,lower
15.68,72.57,426,heat,keep
25.28,69.79,994,off,lower
30.95,54.45,515,cool,keep
20.77,71.47,731,off,keep
20.54,53.51,997,off,lower
17.26,65.05,737,heat,keep
27.06,69.16,587,cool,keep
31.57,83.17,646,cool,keep
29.27,57.53,702,cool,keep
17.11,47.6,989,heat,lower
28.27,75.64,701,cool,keep
21.56,71.27,318,off,keep
24.54,48.17,0,off,raise
20.51,39.72,769,off,lower
11.24,78.34,482,heat,keep
15.22,34.83,432,heat,raise
24.05,32.97,934,off,lower
23.44,50.56,158,off,raise
29.62,54.5,0,cool,raise
8.7,36.91,772,heat,lower
22.53,61.38,982,off,lower
19.78,57.18,826,heat,lower
13.36,47.02,902,heat,lower
23.73,83.7,878,off,lower
11.34,58.93,704,heat,raise
28.54,72.59,937,cool,lower
21.47,33.46,341,off,keep
21.17,28.58,741,off,keep
16.08,59.3,66,heat,raise
26.2,83.33,567,cool,keep
11.98,39.71,255,cool,raise
28.55,56.35,960,cool,lower
20.51,37.68,444,off,keep
27.35,41.33,212,cool,lower
30.96,56.71,599,cool,keep
23.38,48.65,69,off,raise
23.22,34.12,145,off,raise
29.66,35.71,490,cool,keep
21.46,24.42,642,off,keep
35.31,60.5,545,cool,keep
19.91,60.4,52,heat,raise
15.31,59.77,689,heat,keep
31.55,40.41,69,heat,raise
20.76,70.99,784,off,lower
32.27,65.37,48,cool,raise
17.25,57.43,16,heat,raise
18.6,51.86,550,off,keep
11.79,41.02,808,heat,lower
18.82,58.57,804,heat,lower
20.2,77.1,576,off,keep
30.97,72.32,182,off,raise
22.72,46.59,950,off,lower
30.06,62.53,8,cool,raise
12.03,39.88,424,heat,keep
16.37,67.11,748,heat,keep
32.39,42.04,621,cool,keep
27.85,65.25,780,cool,lower
13.76,95.0,776,heat,lower
15.95,45.85,958,heat,lower
22.29,95.0,509,off,keep
25.64,60.86,879,off,lower
19.38,42.45,187,off,raise
10.55,39.91,154,heat,raise
17.08,91.77,70,heat,raise
23.98,61.76,196,off,raise
15.89,43.98,83,heat,raise
7.08,53.59,826,heat,lower
15.69,61.26,474,heat,keep
22.78,53.28,477,off,keep
13.4,61.86,632,heat,keep
22.04,80.81,400,off,keep
29.51,34.83,587,cool,keep
25.42,66.48,0,off,raise
16.28,52.12,717,heat,keep
32.96,53.45,935,cool,lower
15.72,70.08,39,heat,raise
23.03,28.94,69,off,raise
31.16,22.9,160,cool,raise
12.73,58.15,636,heat,keep
9.5,53.33,754,heat,lower
29.4,35.36,842,cool,lower
15.12,26.51,753,heat,lower
22.45,79.52,589,off,keep
10.85,65.74,726,heat,keep
19.1,52.06,297,off,raise
16.32,91.1,738,heat,raise
15.44,71.28,168,heat,raise
31.28,81.78,992,cool,lower
13.96,36.26,73,heat,raise
32.3,41.25,968,cool,lower
14.44,62.76,457,heat,keep
28.2,59.78,683,cool,keep
22.21,74.98,166,off,raise
15.13,29.08,330,heat,keep
12.53,63.42,901,heat,lower
26.74,69.62,11,cool,raise
17.82,70.31,172,heat,raise
15.55,52.55,642,heat,keep
22.62,66.84,850,off,lower
13.12,39.68,488,cool,keep
14.38,52.59,58,heat,raise
28.81,37.28,190,cool,raise
19.06,41.65,901,off,lower
19.52,50.2,220,off,raise
12.92,46.32,634,heat,keep
22.15,41.37,948,off,lower
28.01,30.75,377,cool,keep
25.6,87.21,50,off,raise
27.53,49.19,832,cool,lower
21.7,59.81,813,off,lower
22.43,26.58,648,off,keep
16.9,77.73,959,heat,lower
27.73,57.28,775,cool,keep
16.29,47.09,716,heat,keep
25.5,45.08,341,off,keep
29.63,69.02,93,cool,raise
14.51,20.0,722,heat,keep
25.95,43.06,880,off,lower
22.9,53.45,771,off,lower
19.7,54.21,631,off,keep
31.42,92.91,712,cool,keep
33.85,49.23,335,cool,keep
25.76,70.86,115,off,raise
23.21,83.98,646,off,keep
18.06,68.05,956,off,lower
19.02,42.55,180,off,raise
11.3,37.86,31,heat,raise
23.71,62.9,754,off,lower
26.04,81.6,395,cool,keep
22.54,61.91,884,off,lower
21.28,75.08,455,off,keep
7.58,95.0,530,heat,keep
28.89,67.92,45,cool,raise
13.33,38.4,954,heat,lower
32.87,55.57,314,cool,keep
16.12,74.61,425,heat,keep
21.76,53.52,620,off,keep
17.59,77.37,883,heat,lower
23.24,49.65,798,off,lower
27.94,61.78,725,cool,keep
27.7,51.4,107,cool,raise
21.9,57.48,108,off,raise
20.65,56.61,844,off,lower
22.54,28.55,902,off,lower
14.2,46.81,656,heat,keep
25.02,36.9,897,off,lower
29.78,45.21,316,cool,keep
27.76,43.92,358,cool,keep
27.17,70.32,200,cool,raise
19.02,72.93,826,off,lower
16.78,64.81,690,heat,keep
20.62,34.54,253,off,raise
22.34,50.15,994,off,lower
25.45,33.15,70,off,raise
17.46,55.55,711,heat,keep
14.54,65.3,247,heat,raise
33.08,71.08,780,cool,lower
16.88,60.83,504,heat,keep
15.07,74.85,275,heat,lower
15.16,55.86,73,heat,raise
23.31,53.37,645,off,keep
29.64,65.79,184,cool,raise
11.58,64.65,423,heat,keep
28.64,51.66,939,cool,lower
20.07,60.95,914,heat,lower
13.39,50.8,500,heat,keep
18.88,21.13,741,off,raise
19.13,62.85,872,off,lower
23.85,37.35,649,cool,keep
30.5,59.52,187,cool,raise
24.73,33.75,841,off,lower
22.9,46.55,50,off,lower
30.76,49.55,494,cool,keep
29.69,68.69,776,cool,lower
14.61,44.69,582,cool,keep
30.18,42.25,340,cool,keep
15.82,60.63,437,heat,keep
19.08,51.92,469,off,keep
22.44,65.2,788,off,lower
24.99,38.55,1023,off,lower
28.43,60.55,771,cool,lower
32.49,95.0,346,cool,keep
30.71,53.01,91,cool,raise
25.12,58.9,494,off,keep
15.4,31.34,865,heat,lower
13.08,42.06,683,heat,keep
22.16,59.49,347,off,keep
33.09,47.21,73,cool,raise
13.63,66.85,248,heat,raise
29.28,61.31,814,cool,lower
19.29,36.18,654,off,keep
32.33,70.65,444,cool,keep
16.11,36.88,324,heat,keep
15.38,44.22,150,heat,raise
32.67,59.84,968,cool,lower
24.26,76.97,437,off,keep
31.98,42.31,796,cool,lower
11.49,55.74,431,heat,keep
27.52,57.82,569,cool,keep
30.55,62.49,635,cool,keep
35.8,72.43,334,cool,keep
12.39,47.62,983,heat,lower
21.3,70.23,448,off,lower
25.1,76.43,748,off,keep
27.47,81.91,960,cool,lower
31.92,66.45,422,cool,keep
18.7,58.95,244,off,raise
22.65,47.42,968,off,lower
19.82,32.94,797,off,lower
10.54,51.59,792,heat,lower
8.62,58.09,966,heat,raise
27.98,50.89,45,cool,raise
25.16,65.24,966,cool,lower
18.07,30.77,118,off,raise
15.26,53.35,135,heat,raise
33.71,87.12,239,cool,raise
19.33,70.53,125,off,raise
16.17,59.59,39,heat,raise
25.09,57.3,83,off,raise
14.11,50.64,488,heat,keep
13.51,23.78,405,heat,keep
30.64,63.08,377,cool,keep
28.7,20.24,194,cool,raise
15.4,52.39,992,heat,lower
19.0,54.46,376,heat,keep
23.84,49.17,465,off,keep
14.76,87.99,136,heat,raise
25.09,79.42,181,off,raise
26.39,71.98,230,heat,raise
17.11,43.9,972,heat,lower
13.22,85.2,218,heat,raise
29.4,63.28,559,cool,keep
17.09,42.35,558,off,keep
14.35,58.09,85,heat,raise
26.11,71.71,343,cool,keep
23.19,48.07,18,off,raise
17.09,53.92,159,heat,raise
10.13,60.54,709,heat,keep
29.05,39.78,592,cool,keep
28.47,53.03,496,cool,keep
15.4,40.65,236,heat,raise
19.99,71.13,627,off,keep
13.69,37.72,897,heat,lower
26.29,60.49,888,cool,lower
28.57,35.11,161,cool,raise
20.92,39.8,722,off,keep
17.0,40.36,199,heat,raise
26.97,48.88,867,off,lower
31.71,60.72,498,cool,keep
11.68,62.1,772,heat,lower
18.53,28.04,546,off,keep
22.86,50.65,697,off,keep
19.97,44.13,960,off,lower
16.12,63.58,99,heat,raise
14.61,51.67,915,heat,lower
14.05,52.53,499,heat,keep
19.76,45.04,157,off,raise
30.56,80.06,441,cool,keep
29.59,38.18,43,cool,raise
27.17,52.42,519,cool,keep
24.81,54.99,501,off,keep
31.86,51.35,416,cool,lower
23.12,45.49,478,off,keep
12.85,28.38,608,heat,keep
22.43,41.92,849,off,lower
24.75,42.34,383,heat,keep
14.93,78.98,18,cool,raise
17.04,89.37,643,heat,keep
24.4,52.25,989,off,lower
17.82,35.52,385,heat,keep
34.52,65.23,118,cool,raise
14.68,42.08,913,heat,lower
28.74,46.33,432,cool,keep
12.66,44.6,343,heat,keep
16.45,48.32,310,heat,keep
26.33,47.53,695,heat,keep
32.02,38.89,107,cool,raise
17.33,44.84,678,heat,lower
35.33,69.17,347,cool,keep
12.45,53.7,429,off,raise
30.44,56.91,199,cool,raise
20.69,23.51,774,off,lower
19.51,67.43,437,off,keep
31.11,43.98,1016,cool,lower
33.85,71.76,811,cool,lower
30.26,60.4,822,cool,lower
16.38,48.57,469,heat,keep
20.62,33.01,973,off,lower
13.23,87.68,579,heat,keep
26.03,69.91,423,cool,keep
16.16,70.48,369,heat,keep
34.27,83.68,967,cool,lower
23.6,59.92,264,off,raise
15.62,74.1,915,heat,lower
30.93,51.48,223,cool,raise
11.64,65.57,834,heat,lower
27.52,46.67,293,cool,raise
8.11,48.8,905,heat,lower
19.68,53.71,830,off,lower
30.79,35.89,745,heat,keep
24.09,60.35,1023,off,lower
33.62,50.09,527,cool,keep
10.13,25.11,870,heat,lower
19.88,51.12,540,off,keep
24.07,48.17,28,off,raise
23.1,65.26,405,off,keep
25.88,58.1,30,off,raise
31.41,78.2,675,cool,keep
21.64,64.48,142,off,raise
25.27,47.9,347,off,keep
17.19,55.95,865,heat,lower
22.89,50.29,703,off,keep
27.44,61.28,329,cool,keep
19.25,54.01,570,off,keep
24.12,43.05,606,off,keep
23.9,54.67,339,heat,keep
21.24,63.49,778,off,lower
22.55,40.38,146,off,raise
23.28,59.8,445,off,keep
29.22,29.21,283,cool,raise
32.65,76.74,699,cool,keep
20.78,61.26,658,off,keep
18.85,79.68,863,off,lower
16.22,40.26,391,heat,keep
27.62,72.09,240,cool,raise
26.37,67.42,34,cool,raise
23.75,53.88,866,off,lower
14.25,46.67,305,heat,keep
12.04,42.21,788,heat,lower
20.65,35.38,406,off,keep
28.27,43.22,349,cool,keep
17.24,33.33,253,heat,raise
10.81,76.63,777,heat,lower
35.93,32.37,278,cool,raise
20.54,61.02,270,off,raise
17.41,62.0,714,heat,keep
14.58,61.06,554,heat,keep
29.34,62.45,746,cool,keep
18.44,73.92,104,off,raise
30.9,47.43,998,cool,lower
28.18,59.44,272,cool,raise
28.66,49.8,78,cool,raise
32.14,73.13,99,cool,raise
7.38,86.34,300,heat,keep
20.54,36.92,411,off,keep
31.44,25.66,68,cool,raise
31.21,58.89,588,cool,keep
33.44,71.35,618,cool,keep
25.59,83.16,795,heat,lower
23.26,64.62,0,heat,raise
11.03,73.35,85,heat,raise
29.1,79.17,210,cool,raise
20.21,75.94,450,off,keep
26.91,67.36,560,cool,keep
33.8,32.49,223,cool,raise
17.49,55.07,385,heat,keep
26.02,57.92,506,cool,keep
28.32,50.23,598,cool,lower
10.25,53.33,550,heat,keep
20.63,76.96,662,off,keep
27.3,43.73,790,cool,raise
17.26,65.86,833,heat,lower
19.21,56.85,979,off,lower
16.31,40.36,417,heat,keep
8.86,35.4,316,heat,keep
20.33,31.75,276,off,raise
28.97,64.88,373,cool,keep
16.34,56.89,558,heat,keep
28.07,41.43,618,cool,keep
22.95,29.45,72,heat,raise
20.34,62.3,1017,off,lower
31.26,50.75,63,cool,raise
27.46,43.04,462,cool,keep
20.06,40.2,470,off,keep
23.09,51.63,385,off,keep
8.73,62.78,212,heat,raise
30.88,50.05,525,cool,keep
11.86,36.48,0,heat,raise
20.24,56.83,738,off,keep
20.3,70.46,687,off,keep
27.33,55.26,811,cool,lower
20.38,55.59,860,off,lower
26.86,49.89,895,cool,lower
16.17,38.93,142,heat,raise
20.33,39.15,854,off,lower
29.75,34.96,582,cool,keep
19.25,69.42,140,off,raise
20.51,62.48,997,off,lower
17.7,56.92,825,heat,lower
24.41,61.46,308,off,keep
15.65,60.83,904,heat,lower
24.19,47.76,733,off,keep
12.13,50.6,454,heat,keep
20.68,50.58,166,off,raise
13.59,94.75,709,heat,keep
29.26,73.39,942,cool,lower
27.91,57.57,207,cool,raise
16.16,76.29,50,heat,raise
21.6,72.86,221,off,raise
15.06,34.61,320,heat,keep
20.14,52.09,392,off,keep
19.09,50.6,1023,off,lower
23.23,63.89,970,off,lower
31.02,53.42,713,cool,keep
14.54,50.82,257,heat,raise
21.52,46.11,252,off,raise
20.77,73.05,118,off,raise
27.55,36.04,814,cool,lower
22.05,47.35,240,off,raise
13.07,27.69,908,heat,lower
24.09,39.4,558,off,keep
15.91,62.11,504,heat,keep
14.91,58.98,946,heat,lower
31.24,49.54,183,cool,raise
24.19,74.54,495,off,keep
31.5,73.3,237,cool,raise
22.28,52.97,243,off,raise
32.13,59.02,974,cool,lower
28.4,51.26,586,cool,keep
13.82,62.02,135,heat,raise
24.02,35.67,54,off,raise
12.2,83.12,338,heat,keep
28.73,73.59,839,cool,raise
19.89,37.44,127,off,raise
21.39,42.93,742,off,keep
27.46,61.58,100,cool,raise
20.29,46.91,358,off,keep
19.71,63.37,492,off,keep
23.88,52.57,105,off,raise
31.3,75.23,417,cool,keep
29.69,53.56,259,cool,raise
21.72,90.51,61,off,raise
19.44,63.37,0,off,raise
11.79,38.44,187,heat,raise
21.92,84.43,771,cool,lower
17.29,69.22,68,heat,raise
27.54,62.24,529,cool,keep
24.92,63.41,39,cool,raise
34.07,38.74,201,cool,raise
24.86,27.54,211,off,raise
29.2,55.29,352,cool,keep
19.31,72.55,737,off,keep
14.56,61.85,378,heat,keep
16.41,81.07,18,heat,raise
13.92,74.31,185,heat,raise
24.37,52.84,288,off,raise
28.35,73.19,261,cool,raise
29.91,79.29,570,cool,keep
15.07,52.73,386,heat,keep
23.51,50.77,715,cool,keep
25.26,58.69,241,off,raise
20.98,22.24,668,off,keep
22.64,61.09,117,off,raise
34.76,66.27,1008,cool,lower
17.59,56.68,1001,heat,lower
29.46,60.12,277,cool,raise
22.93,51.7,258,off,raise
15.95,24.74,28,heat,raise
14.91,82.18,1023,heat,lower
17.75,49.56,53,heat,raise
28.42,44.48,36,cool,raise
9.1,73.93,75,heat,raise
24.71,69.62,311,off,keep
22.76,56.63,1023,off,lower
20.1,64.72,124,off,raise
20.81,40.74,569,off,keep
29.52,51.71,640,cool,keep
20.93,72.82,825,off,lower
29.33,45.43,751,cool,lower
27.34,39.14,1021,cool,lower
23.98,56.36,671,off,keep
14.87,58.26,877,heat,lower
23.73,61.62,319,off,keep
21.72,35.84,421,off,lower
19.61,20.0,769,off,lower
13.07,68.25,939,heat,lower
22.45,42.6,16,off,raise
26.74,43.04,449,cool,keep
23.55,23.43,871,off,lower
32.23,72.6,67,cool,raise
29.37,58.89,358,cool,keep
10.47,58.32,542,heat,keep
22.2,58.81,78,off,raise
23.65,22.72,952,off,lower
31.23,40.36,400,cool,keep
21.42,50.01,789,off,lower
29.78,43.04,453,cool,keep
22.09,52.78,388,off,keep
21.06,61.5,956,off,lower
20.51,70.96,876,off,lower
35.99,33.85,522,cool,keep
25.29,53.68,512,off,keep
28.94,60.43,852,cool,lower
18.63,42.31,685,off,keep
17.27,53.7,956,heat,keep
26.22,62.48,306,cool,keep
25.68,56.99,94,off,raise
16.2,64.02,204,heat,raise
27.67,57.46,533,cool,keep
25.5,53.27,288,off,raise
25.54,38.74,872,off,keep
23.44,61.39,912,off,lower
25.94,59.2,234,off,raise
29.58,37.66,967,cool,lower
20.42,65.17,677,off,keep
14.72,72.75,266,heat,raise
24.99,42.88,196,off,raise
26.19,43.51,169,cool,raise
27.19,47.05,464,cool,keep
14.69,28.73,68,heat,raise
21.12,81.55,157,off,raise
26.48,45.38,721,heat,keep
24.46,43.08,537,off,keep
14.64,36.58,549,off,keep
15.3,45.09,329,heat,keep
15.39,41.76,592,heat,keep
16.95,76.9,360,heat,keep
25.51,37.83,34,off,raise
19.7,31.03,561,off,keep
18.13,64.57,120,off,raise
19.22,55.22,668,off,keep
18.08,50.09,931,off,lower
28.77,63.15,647,cool,lower
26.58,55.85,602,cool,keep
33.35,55.38,984,cool,lower
27.51,32.69,192,cool,raise
26.4,27.55,770,cool,lower
23.19,44.6,213,off,raise
30.53,40.96,7,cool,raise
12.19,60.06,197,heat,raise
24.43,30.03,496,heat,keep
21.69,50.13,69,off,raise
21.32,52.49,315,off,keep
7.63,53.21,70,heat,raise
14.53,59.25,237,heat,raise
20.72,46.93,761,off,lower
15.77,47.37,147,cool,raise
13.87,73.01,191,heat,raise
21.84,46.79,174,off,raise
31.71,78.76,404,cool,keep
16.23,50.31,783,cool,lower
7.7,56.69,550,heat,keep
12.02,52.4,211,heat,raise
28.7,56.88,327,cool,keep
25.37,49.59,678,off,keep
24.79,57.5,473,off,keep
25.05,77.4,471,off,keep
19.53,73.36,862,off,lower
27.45,72.73,809,cool,lower
21.65,36.0,255,off,raise
26.18,35.08,745,cool,keep
26.33,55.76,790,cool,lower
23.89,68.96,905,off,lower
29.36,42.84,227,cool,raise
17.65,44.35,712,heat,keep
18.96,76.2,159,off,raise
20.38,64.31,479,off,keep
22.44,70.8,30,off,raise
13.53,49.22,629,heat,keep
22.17,46.03,693,heat,keep
33.36,71.0,472,cool,keep
24.87,52.22,450,off,keep
28.18,45.48,246,cool,raise
13.81,39.65,816,heat,lower
18.71,47.15,970,off,lower
25.17,72.35,168,cool,raise
13.03,30.84,265,heat,raise
25.9,67.5,567,off,keep
22.65,40.87,370,off,keep
31.62,50.12,17,cool,raise
24.77,51.72,0,off,raise
19.61,53.59,240,off,raise
21.68,50.8,925,off,lower
30.2,50.95,662,cool,keep
13.4,45.76,272,heat,raise
21.04,74.69,36,off,raise
23.98,54.72,777,off,lower
13.46,57.16,392,heat,keep
26.14,43.09,415,cool,keep
25.87,47.86,576,off,keep
9.42,43.43,256,heat,raise
14.55,67.63,713,heat,keep
14.39,41.41,317,heat,keep
22.65,24.95,766,off,lower
20.72,56.04,520,off,keep
28.62,51.63,157,cool,raise
14.69,47.14,613,heat,keep
23.48,68.63,129,off,raise
25.48,20.0,739,off,keep
30.88,78.81,353,cool,keep
26.51,71.86,713,cool,keep
22.83,43.93,219,off,raise
24.99,46.25,433,off,keep
25.71,64.21,338,off,keep
20.49,62.96,306,off,keep
27.77,41.48,355,cool,keep
22.46,29.8,56,off,raise
26.87,89.77,355,cool,keep
32.34,69.02,114,cool,raise
15.92,56.29,513,heat,keep
30.2,54.65,87,cool,keep
25.83,63.18,0,off,raise
16.59,63.79,468,heat,keep
13.52,24.56,291,heat,raise
25.37,49.84,908,off,lower
19.75,47.45,267,off,raise
26.34,51.05,392,cool,keep
17.43,69.61,223,heat,raise
16.22,26.74,915,heat,lower
25.69,33.36,841,off,lower
27.24,44.29,157,cool,raise
35.29,57.11,258,cool,raise
19.6,68.45,202,off,raise
27.11,81.33,153,cool,raise
26.78,52.42,201,cool,raise
20.6,72.32,883,off,lower
24.49,62.27,431,off,keep
21.2,63.59,354,off,keep
26.07,53.59,162,cool,raise
20.65,53.03,183,off,raise
14.9,39.37,543,cool,keep
21.13,33.97,733,off,keep
23.17,61.07,580,off,keep
10.72,54.72,671,heat,keep
28.8,50.28,285,cool,raise
30.13,63.53,948,cool,lower
15.9,52.65,840,heat,lower
28.15,40.76,918,cool,lower
22.4,49.66,650,off,keep
18.65,67.99,693,off,keep
10.6,39.95,96,heat,raise
18.94,60.24,164,off,raise
19.7,54.22,131,off,raise
26.0,44.8,493,off,keep
24.16,48.18,632,off,keep
16.24,34.21,120,cool,raise
29.47,55.09,770,cool,lower
16.7,36.33,561,heat,keep
14.77,71.61,568,heat,keep
8.23,53.89,950,off,lower
33.26,47.94,577,off,keep
17.4,68.13,0,heat,raise
23.57,38.38,743,off,keep
14.9,45.28,858,heat,lower
30.23,31.41,28,cool,keep
33.68,74.59,526,cool,keep
20.12,78.22,470,off,keep
9.28,29.26,180,heat,raise
25.69,42.64,283,off,raise
26.3,58.27,882,cool,lower
19.13,47.36,432,off,keep
14.62,51.98,477,heat,keep
23.5,55.16,804,off,lower
23.25,62.25,465,off,keep
15.6,39.19,932,heat,keep
12.88,59.33,466,heat,lower
29.05,37.16,994,cool,lower
15.15,48.23,126,heat,raise
29.9,27.89,876,cool,lower
23.76,48.31,172,off,raise
17.7,48.22,817,heat,keep
31.7,65.58,700,cool,keep
16.13,56.32,589,heat,keep
27.61,57.19,864,cool,lower
30.86,53.88,642,cool,keep
29.73,23.1,712,cool,keep
23.09,23.23,781,off,lower
20.26,46.96,868,off,lower
24.6,57.42,280,off,raise
20.39,47.69,887,off,lower
10.42,39.33,619,heat,keep
21.81,48.15,56,off,raise
22.85,52.54,973,off,lower
28.53,64.12,773,heat,lower
28.13,65.76,872,cool,lower
28.52,48.93,774,cool,lower
16.36,55.95,318,heat,keep
13.28,58.55,333,heat,keep
21.14,60.79,285,off,raise
19.12,80.15,405,off,raise
13.11,58.8,51,heat,raise
29.03,73.36,770,cool,lower
19.03,38.94,779,off,lower
21.15,49.97,978,off,lower
17.43,23.52,541,heat,keep
30.98,59.57,963,cool,lower
8.89,65.67,228,heat,raise
27.48,20.0,533,cool,keep
19.47,55.9,805,off,lower
17.87,61.8,814,heat,lower
16.0,62.18,778,heat,lower
28.6,38.83,471,cool,keep
16.54,68.27,105,heat,raise
24.14,57.81,888,off,lower
21.67,63.84,405,off,keep
30.77,54.19,697,cool,keep
32.12,61.8,163,cool,raise
14.93,71.42,959,heat,lower
27.72,51.3,264,cool,raise
15.37,56.29,1011,heat,lower
19.82,73.44,744,off,keep
12.82,52.79,327,heat,keep
25.46,40.39,386,off,keep
24.37,67.61,1023,off,lower
11.95,76.81,565,heat,keep
16.21,78.46,662,heat,keep
25.64,66.1,625,off,keep
19.56,21.9,259,off,raise
14.07,45.26,142,heat,lower
20.11,43.95,0,off,raise
23.22,54.82,436,off,keep
21.11,83.27,747,off,keep
15.85,38.26,286,heat,raise
28.84,87.7,208,cool,raise
30.2,49.26,398,cool,keep
20.74,42.72,232,off,raise
16.31,70.07,475,heat,keep
19.72,72.64,572,off,keep
12.67,64.76,270,heat,raise
24.51,44.54,16,off,raise
26.84,64.47,65,cool,raise
22.96,39.71,460,off,keep
22.0,41.29,196,off,raise
18.57,52.76,815,off,lower
10.58,43.52,170,heat,raise
11.53,71.58,24,heat,raise
26.03,42.74,589,cool,keep
7.55,50.82,602,heat,keep
16.59,40.32,682,heat,keep
19.66,72.33,156,off,raise
22.94,43.61,695,off,keep
18.62,71.21,925,off,lower
11.12,70.04,611,heat,keep
23.85,49.89,380,heat,keep
15.74,57.38,494,heat,keep
27.96,48.88,796,cool,lower
22.71,65.4,149,off,raise
23.51,54.55,722,off,keep
30.86,45.12,281,cool,raise
27.27,56.88,893,heat,lower
27.32,30.53,139,cool,raise
15.57,51.35,544,heat,keep
21.32,64.1,428,off,keep
15.19,58.53,547,heat,keep
18.59,72.19,408,off,keep
15.73,46.65,31,heat,raise
26.37,49.35,862,cool,lower
34.79,42.17,554,cool,keep
31.61,52.58,650,cool,keep
14.97,77.58,555,heat,keep
32.63,63.49,523,cool,keep
27.01,48.14,631,heat,keep
28.07,35.29,434,cool,keep
28.35,29.49,160,cool,raise
17.72,45.06,36,heat,raise
14.73,67.11,558,heat,keep
29.83,47.45,160,off,raise
21.92,40.76,483,off,keep
22.21,43.37,584,off,keep
27.01,63.58,612,cool,keep
27.14,53.53,158,cool,raise
33.35,47.39,660,cool,keep
16.08,48.97,977,heat,lower
16.91,85.37,369,heat,keep
17.68,72.02,61,heat,raise
13.64,75.25,511,heat,keep
17.2,27.51,621,heat,keep
24.07,49.28,435,off,keep
25.75,45.8,581,heat,keep
22.01,64.89,830,off,lower
30.04,69.27,612,cool,keep
18.56,58.59,808,off,lower
19.49,41.54,138,off,raise
33.23,43.26,283,cool,raise
26.5,66.28,575,cool,keep
33.44,64.02,245,cool,raise
27.28,56.06,1015,cool,lower
31.3,55.42,666,cool,keep
32.61,57.77,438,cool,keep
31.56,58.57,796,heat,lower
18.27,69.73,994,off,lower
27.59,65.16,4,cool,raise
15.22,57.67,552,heat,keep
29.46,53.62,444,cool,keep
20.35,51.81,741,cool,keep
30.69,43.23,337,cool,keep
24.66,41.75,337,off,keep
33.39,59.16,772,cool,lower
17.62,46.33,926,heat,lower
17.06,67.27,155,heat,raise
29.67,52.83,602,cool,raise
21.05,68.05,828,off,raise
16.87,64.65,105,heat,raise
30.46,70.46,704,cool,keep
19.38,48.72,998,off,lower
16.43,60.82,887,heat,lower
29.94,67.46,235,cool,raise
21.33,31.66,1003,off,lower
26.17,80.89,355,cool,keep
12.6,91.44,494,heat,keep
17.0,66.87,269,heat,raise
31.07,65.36,707,cool,keep
15.75,62.99,117,heat,raise
26.46,49.6,697,cool,lower
13.48,55.66,44,heat,raise
20.12,66.64,882,off,lower
16.12,40.34,350,heat,keep
16.79,37.99,525,heat,keep
14.84,52.44,234,heat,raise
30.95,66.61,102,cool,raise
15.41,42.49,0,heat,raise
25.49,53.56,976,off,lower
15.83,50.76,162,heat,raise
13.16,43.88,87,heat,raise
30.82,20.0,504,cool,lower
21.87,42.12,1012,off,lower
30.84,60.02,53,cool,raise
28.58,62.82,248,cool,raise
20.8,64.85,566,heat,keep
16.06,66.14,497,heat,keep
12.74,45.82,131,heat,raise
21.8,41.55,976,off,lower
27.18,60.87,385,cool,keep
28.66,51.62,655,cool,keep
33.62,69.31,471,cool,keep
17.53,62.76,623,heat,keep
24.79,75.19,915,off,lower
30.01,48.39,319,cool,keep
26.44,69.71,811,cool,lower
26.65,86.17,349,off,keep
22.45,52.41,361,off,keep
19.19,60.89,25,heat,raise
13.06,42.25,384,heat,keep
15.05,70.18,586,heat,keep
14.1,71.89,651,heat,keep
27.54,47.99,413,cool,keep
19.68,64.53,318,off,keep
11.96,60.57,214,off,raise
16.89,60.46,914,heat,lower
25.55,65.21,403,off,keep
24.28,63.56,329,off,keep
22.01,56.83,959,off,lower
27.61,65.65,627,cool,keep
12.49,71.42,851,heat,lower
15.0,45.91,437,heat,keep
24.11,59.8,455,off,raise
18.01,26.55,782,off,lower
27.33,63.43,1023,cool,lower
15.86,72.62,790,heat,lower
20.39,48.63,493,off,keep
19.51,54.38,589,off,keep
11.98,52.83,382,heat,keep
22.91,50.66,487,off,keep
8.59,57.36,344,heat,keep
31.6,46.05,111,cool,raise
13.19,46.97,873,heat,lower
20.5,38.91,131,off,raise
28.47,62.19,257,cool,raise
29.47,58.57,281,cool,raise
14.83,47.63,209,heat,raise
28.35,55.15,477,cool,keep
20.36,52.66,962,cool,lower
29.42,75.07,330,cool,raise
23.48,49.99,761,cool,lower
14.38,64.64,779,heat,lower
12.83,44.26,794,heat,lower
14.19,69.42,651,heat,keep
28.65,74.33,776,cool,lower
14.42,72.54,799,heat,lower
15.1,76.09,724,heat,keep
27.84,59.91,633,cool,keep
22.19,74.73,113,off,keep
15.65,78.25,527,heat,keep
24.16,39.9,759,off,lower
11.4,46.48,357,heat,raise
17.33,34.89,282,heat,raise
26.71,68.96,577,cool,lower
22.59,28.89,166,off,raise
27.7,27.52,725,cool,keep
23.0,38.59,1000,off,lower
19.49,25.32,508,off,keep
13.22,57.87,14,heat,raise
26.13,41.3,288,cool,raise
15.14,30.71,3,heat,raise
22.61,54.65,491,off,keep
22.28,53.15,321,off,keep
15.21,29.45,790,heat,lower
26.95,43.46,870,cool,lower
27.58,54.07,444,cool,keep
23.2,50.46,1012,off,lower
13.14,50.4,454,heat,raise
24.68,75.67,113,cool,raise
22.16,88.35,885,off,lower
36.32,50.98,438,off,keep
23.87,35.0,876,off,lower
12.77,52.35,791,heat,lower
29.55,57.49,955,cool,lower
15.55,54.58,691,heat,keep
14.06,63.48,632,heat,keep
30.8,87.18,262,cool,raise
29.77,27.47,286,cool,raise
9.15,46.85,307,heat,keep
20.83,77.44,312,off,keep
13.84,50.83,600,heat,keep
17.55,68.83,887,heat,lower
14.2,64.2,5,heat,raise
24.37,72.71,625,off,keep
17.44,84.93,702,heat,keep
28.57,63.88,445,cool,raise
28.96,30.41,285,off,raise
11.59,41.05,422,off,keep
10.74,89.52,841,heat,lower
27.01,35.87,940,cool,lower
12.68,66.85,725,heat,keep
15.46,20.0,523,heat,keep
30.09,35.01,667,cool,keep
29.22,69.2,692,cool,keep
30.34,54.01,793,cool,lower
19.39,47.64,192,off,raise
14.43,43.58,88,heat,raise
25.29,21.97,359,off,lower
25.0,62.77,292,off,raise
13.88,52.38,630,heat,keep
16.49,33.17,512,heat,keep
15.07,57.95,951,heat,lower
33.88,64.65,799,cool,lower
24.35,52.01,145,off,raise
20.55,59.32,882,off,lower
22.06,54.73,743,off,keep
34.92,43.73,377,cool,keep
28.47,55.68,37,cool,raise
16.3,66.93,792,heat,lower
14.61,70.39,193,heat,raise
20.86,63.89,202,off,raise
26.38,44.34,522,cool,keep
16.74,64.48,95,heat,raise
14.6,62.21,388,heat,keep
23.8,43.46,208,off,raise
11.26,49.05,39,heat,raise
31.55,61.97,915,cool,lower
19.23,76.49,250,off,raise
15.68,31.41,620,heat,keep
31.98,78.39,794,cool,lower
31.9,72.58,493,cool,keep
14.86,57.49,295,heat,raise
33.37,50.93,754,cool,lower
29.44,58.8,659,cool,raise
20.51,49.37,8,off,raise
32.68,53.11,842,cool,lower
13.68,31.53,138,heat,raise
29.19,27.31,767,cool,lower
29.48,90.11,131,cool,raise
20.02,51.61,15,off,raise
15.33,60.16,118,heat,raise
15.7,53.51,820,heat,lower
24.09,43.36,490,off,keep
13.49,51.27,579,heat,keep
18.05,58.3,289,cool,raise
28.05,53.04,95,cool,raise
22.3,45.2,793,off,lower
15.68,64.23,901,heat,lower
24.47,57.16,882,off,lower
25.09,65.2,28,off,raise
23.73,66.28,927,off,lower
22.2,52.39,554,off,lower
25.36,50.78,193,off,raise
26.83,76.82,210,cool,raise
28.24,41.64,494,cool,keep
21.79,27.09,608,off,keep
13.5,66.99,29,heat,raise
23.31,44.78,497,cool,keep
19.7,40.2,262,off,lower
11.97,66.03,946,heat,lower
34.74,57.19,611,cool,lower
32.32,33.66,408,cool,keep
25.61,88.17,458,off,keep
20.64,30.57,856,off,lower
21.77,49.23,700,off,keep
12.26,29.36,440,heat,keep
13.43,59.22,899,heat,lower
19.5,44.48,598,off,lower
19.49,68.57,89,off,raise
14.21,56.07,688,heat,lower
22.96,76.09,977,off,lower
31.07,50.82,872,cool,lower
24.38,31.44,34,off,raise
23.03,59.86,945,off,lower
18.49,50.17,1023,off,lower
15.43,29.24,179,heat,raise
10.4,38.13,710,heat,keep
22.72,41.69,747,off,keep
15.25,77.92,41,heat,raise
28.9,65.06,851,cool,lower
18.02,51.64,397,off,keep
26.29,59.16,259,cool,raise
16.69,26.6,289,heat,raise
13.1,45.28,498,heat,keep
14.16,56.09,797,heat,lower
28.76,55.07,832,cool,lower
17.56,46.29,224,heat,raise
26.57,55.31,842,cool,lower
14.71,59.81,870,heat,lower
10.19,52.44,91,heat,raise
31.45,66.36,312,cool,keep
12.93,57.39,0,heat,raise
33.34,63.19,1008,cool,lower
14.37,80.52,460,heat,keep
30.55,68.64,275,cool,raise
30.78,77.57,891,cool,lower
30.94,43.85,754,cool,lower
33.91,35.17,965,cool,lower
19.2,54.18,805,off,lower
13.47,51.02,995,heat,raise
18.44,74.92,190,off,raise
26.12,40.26,190,cool,raise
14.68,56.88,87,heat,raise
29.63,58.78,354,cool,keep
22.2,54.39,590,off,keep
31.76,52.98,509,cool,keep
13.17,61.12,713,heat,keep
15.14,72.15,736,heat,keep
32.88,81.72,806,cool,lower
13.72,53.55,488,heat,keep
28.53,42.84,265,cool,raise
14.04,79.46,488,heat,keep
24.92,40.26,917,off,lower
27.44,80.56,875,cool,lower
35.88,73.95,934,cool,raise
23.34,76.42,555,off,keep
14.62,68.69,757,heat,lower
12.8,21.36,383,heat,keep
21.01,38.76,3,off,raise
20.77,61.15,726,off,keep
28.56,42.69,67,cool,raise
21.36,50.79,651,off,keep
25.21,60.39,1023,off,lower
14.32,52.84,26,heat,raise
20.78,36.82,716,heat,keep
13.92,68.61,843,heat,lower
25.25,60.99,643,off,raise
24.37,51.72,690,off,keep
30.67,65.59,924,cool,lower
32.08,59.02,789,cool,lower
27.61,76.25,38,cool,raise
27.49,54.37,822,cool,lower
29.53,73.19,801,cool,lower
20.71,25.66,242,off,raise
24.12,62.25,647,off,keep
33.6,48.69,848,cool,lower
24.91,41.77,887,off,lower
29.31,78.01,923,cool,lower
32.3,67.31,764,cool,lower
25.92,27.68,163,off,raise
33.85,65.44,476,cool,keep
26.6,59.56,254,cool,raise
29.87,44.54,142,cool,raise
9.56,44.71,229,heat,raise
16.24,32.41,943,heat,lower
18.55,50.45,604,off,keep
15.05,52.39,792,heat,lower
23.0,65.97,498,cool,keep
16.27,60.83,302,heat,keep
29.54,38.23,475,cool,raise
25.13,57.3,1015,off,lower
20.56,52.01,326,off,keep
30.02,40.38,328,cool,keep
17.4,33.72,903,heat,lower
23.48,65.31,366,off,keep
31.57,60.14,910,cool,lower
21.11,61.06,1006,off,lower
8.82,42.93,57,heat,lower
27.07,62.24,712,cool,raise
27.99,33.89,60,off,raise
29.22,41.72,921,cool,lower
18.6,52.89,147,off,raise
27.47,56.77,918,cool,lower
19.69,30.19,809,cool,lower
24.59,42.54,532,off,keep
9.26,46.94,191,heat,raise
16.31,68.12,281,heat,raise
20.45,44.61,422,off,keep
17.65,60.29,874,heat,lower
28.81,59.56,926,cool,lower
25.81,52.61,511,off,keep
32.27,57.23,245,cool,raise
25.12,32.18,592,off,keep
23.81,42.87,848,off,lower
14.29,74.77,542,heat,keep
31.59,78.02,931,cool,lower
17.44,65.2,15,heat,raise
27.24,72.01,524,cool,keep
28.75,26.98,60,cool,raise
25.7,39.64,629,off,keep
28.61,52.1,622,cool,keep
24.98,89.32,303,off,keep
26.34,53.18,810,cool,lower
33.13,67.84,986,cool,lower
17.23,58.7,481,heat,keep
21.71,62.75,448,off,raise
24.32,52.43,202,off,raise
21.29,39.59,0,off,raise
29.21,20.0,404,cool,keep
20.84,71.07,468,off,keep
23.17,43.16,765,off,lower
15.5,26.18,885,heat,lower
25.38,63.31,112,off,raise
16.55,60.94,153,off,raise
16.0,66.13,589,heat,keep
29.72,71.82,389,cool,keep
22.01,37.23,689,off,keep
15.25,43.52,342,heat,lower
30.8,52.9,412,cool,keep
29.38,68.9,419,cool,keep
19.17,22.61,633,off,keep
16.94,55.15,41,heat,raise
33.43,66.82,895,cool,lower
29.64,66.1,354,cool,keep
26.09,70.16,215,cool,raise
11.13,70.79,639,heat,keep
32.75,20.0,113,cool,raise
25.46,80.9,584,off,keep
28.94,60.24,35,cool,raise
21.52,73.16,266,off,raise
31.06,38.42,729,cool,keep
12.37,26.53,345,heat,keep
16.12,83.0,914,heat,lower
15.8,39.03,347,heat,keep
18.02,49.46,712,off,keep
16.65,62.04,39,heat,raise
12.56,69.39,1023,heat,lower
22.31,66.31,646,off,keep
28.94,63.01,697,cool,keep
22.06,37.57,278,off,raise
13.91,65.35,257,heat,raise
20.36,66.66,434,off,keep
32.55,28.43,220,cool,raise
30.57,77.97,5,cool,raise
15.67,20.0,682,heat,keep
11.37,74.59,718,heat,keep
17.64,46.95,698,heat,keep
31.28,65.35,551,cool,keep
17.52,61.55,516,heat,keep
18.5,53.29,1023,heat,lower
19.01,64.35,538,off,keep
22.14,57.21,724,off,keep
26.97,67.72,447,cool,keep
15.81,81.45,54,off,raise
18.19,30.39,348,off,keep
15.78,20.0,764,heat,keep
32.1,48.43,637,cool,keep
29.95,47.78,735,cool,keep
22.66,51.84,734,off,keep
14.47,43.51,215,heat,raise
21.16,68.44,837,off,lower
13.06,31.23,740,heat,lower
25.07,59.3,293,off,raise
18.96,64.71,473,cool,keep
33.59,60.58,889,cool,lower
18.45,59.87,165,off,raise
23.21,70.56,300,off,keep
10.51,52.3,237,heat,raise
22.45,44.48,304,off,keep
22.18,60.55,196,off,raise
20.75,66.75,779,off,lower
27.97,71.39,986,cool,lower
24.6,26.12,1013,off,lower
27.27,49.21,347,cool,keep
20.95,40.54,969,off,lower
17.3,62.53,50,heat,keep
22.77,68.63,91,off,raise
22.05,52.37,310,off,keep
22.89,45.89,306,off,keep
21.62,62.31,933,off,lower
17.32,53.89,750,heat,keep
19.0,80.43,788,cool,lower
26.94,81.88,837,cool,lower
28.96,69.92,750,cool,keep
22.4,57.62,523,off,keep
28.76,79.18,38,cool,raise
16.42,56.41,47,heat,raise
21.1,46.03,996,off,raise
18.07,41.58,519,off,keep
19.23,41.36,984,off,lower
35.17,50.01,7,heat,raise
31.5,60.38,698,cool,keep
28.29,35.12,287,cool,raise
7.64,47.63,373,heat,keep
14.14,57.57,661,heat,keep
21.21,66.19,535,off,keep
18.02,57.99,166,off,raise
27.58,63.21,1023,cool,lower
27.7,36.71,692,cool,keep
19.63,40.76,364,off,keep
31.5,53.26,634,cool,keep
13.1,63.84,143,heat,raise
12.25,58.16,415,heat,keep
21.41,41.96,396,off,keep
27.27,51.28,417,cool,keep
18.08,75.79,513,off,keep
28.11,58.5,936,cool,lower
17.89,51.22,0,heat,raise
7.06,42.53,575,heat,keep
21.45,47.12,968,off,lower
27.34,56.98,899,cool,lower
21.04,58.15,928,off,lower
28.86,61.9,434,cool,keep
10.5,64.07,597,heat,keep
10.64,47.28,585,heat,keep
6.38,47.41,867,heat,lower
15.15,89.08,1006,heat,lower
23.45,46.9,267,off,raise
25.28,35.04,182,off,raise
25.59,32.74,266,off,raise
28.26,49.85,226,cool,raise
15.54,69.49,285,heat,raise
25.0,49.39,921,off,lower
20.05,72.07,233,cool,raise
27.72,55.61,452,cool,keep
22.64,70.11,369,off,keep
19.77,43.22,285,off,raise
19.45,44.09,248,off,raise
29.43,55.01,1000,cool,lower
13.58,62.7,639,heat,keep
19.1,53.09,92,off,raise
23.13,59.79,640,off,keep
22.3,64.05,575,off,keep
30.42,33.46,399,cool,keep
15.11,49.69,786,heat,lower
23.14,47.38,814,off,lower
28.07,46.06,815,cool,lower
7.57,63.64,624,heat,keep
15.12,47.25,431,heat,keep
21.63,24.12,210,off,raise
18.53,52.24,34,off,raise
22.18,38.8,908,off,lower
11.51,64.93,876,heat,lower
33.9,68.87,194,cool,raise
12.36,22.56,825,heat,lower
16.31,45.26,49,heat,raise
15.79,60.77,267,heat,raise
12.27,31.56,161,heat,raise
28.58,68.52,326,cool,keep
20.19,66.94,356,off,keep
26.87,45.54,512,cool,keep
34.0,44.79,448,cool,keep
25.7,21.23,91,off,keep
13.87,67.96,94,heat,raise
13.08,87.82,824,heat,lower
14.2,81.89,570,heat,keep
30.13,51.32,909,cool,lower
32.49,40.2,175,cool,raise
15.85,66.14,258,heat,raise
33.7,52.62,141,cool,raise
16.15,62.68,908,heat,lower
13.08,60.21,184,heat,raise
19.81,55.73,836,off,lower
28.17,69.45,190,cool,raise
20.31,68.75,709,off,keep
16.12,45.59,436,heat,keep
24.2,44.79,998,off,lower
14.53,20.0,54,cool,raise
28.02,50.19,317,cool,keep
21.35,35.62,738,off,keep
29.93,66.41,926,cool,lower
22.62,48.24,508,off,keep
21.65,49.24,66,off,raise
10.32,67.06,611,heat,keep
28.19,59.17,470,cool,raise
35.13,53.98,795,cool,lower
30.22,77.27,566,cool,keep
28.36,68.35,948,cool,lower
28.97,50.64,89,cool,raise
17.88,49.19,645,heat,keep
11.48,63.51,735,heat,keep
17.56,56.42,464,heat,keep
31.39,38.31,483,cool,keep
30.58,66.0,697,cool,keep
29.11,71.76,472,cool,keep
22.63,74.82,406,off,keep
13.97,78.45,585,off,keep
18.2,86.28,836,off,lower
31.39,82.0,174,cool,raise
13.59,59.78,916,heat,lower
20.05,51.75,200,off,raise
23.83,28.47,144,off,raise
27.22,56.78,197,cool,raise
28.46,63.78,50,cool,raise
24.41,58.57,975,off,lower
20.03,26.73,292,off,raise
27.54,48.01,777,cool,lower
25.07,66.86,193,off,raise
15.73,39.12,494,heat,keep
24.48,55.95,476,off,keep
29.2,62.9,690,cool,keep
24.42,72.51,965,off,lower
18.34,78.13,680,off,keep
35.4,50.67,729,off,keep
19.9,61.5,304,off,keep
15.77,58.87,167,heat,keep
29.98,64.23,135,cool,raise
19.72,59.72,300,off,keep
21.52,80.48,581,off,keep
24.68,20.0,48,off,raise
12.27,58.45,293,heat,raise
21.72,62.53,591,off,keep
19.86,53.49,862,off,lower
23.97,23.51,1002,off,lower
30.4,52.74,239,heat,raise
14.95,44.14,108,cool,raise
30.9,80.17,617,cool,keep
16.86,62.58,943,heat,lower
9.96,44.25,397,heat,keep
28.11,24.75,915,cool,lower
30.62,65.69,744,cool,keep
20.36,62.72,933,off,lower
24.34,52.61,1011,off,lower
23.58,64.5,144,off,raise
17.12,49.68,448,heat,keep
26.31,70.51,36,cool,raise
29.78,70.16,40,cool,keep
20.5,29.28,496,off,keep
14.27,39.53,657,heat,keep
21.05,88.19,890,off,lower
17.78,71.17,141,heat,raise
12.78,35.0,0,heat,raise
26.92,29.53,134,off,raise
18.81,57.69,938,off,lower
16.64,38.09,690,heat,keep
21.91,47.35,497,off,keep
18.22,55.25,136,cool,raise
14.39,55.81,325,heat,keep
26.16,67.43,162,cool,raise
29.59,80.72,60,cool,raise
28.1,50.27,456,cool,keep
19.95,38.79,527,off,keep
20.26,59.1,477,off,keep
19.66,80.94,869,off,lower
16.8,47.76,936,heat,lower
22.31,67.28,146,off,raise
20.25,40.17,237,off,raise
14.28,55.35,524,heat,keep
30.9,39.61,412,cool,keep
18.89,54.21,461,off,raise
28.17,54.54,692,cool,keep
33.94,64.02,165,cool,raise
21.38,83.83,811,off,lower
34.84,48.24,235,cool,lower
22.69,28.11,377,off,keep
31.38,53.33,212,off,raise
12.65,59.98,629,heat,keep
29.78,58.59,739,cool,keep
21.33,51.71,630,off,keep
15.71,76.26,529,heat,lower
27.65,57.57,283,cool,raise
22.01,51.03,695,off,keep
28.49,42.13,98,cool,raise
26.86,26.92,332,cool,keep
23.12,61.08,692,off,keep
18.11,59.86,726,cool,keep
11.92,41.65,277,heat,raise
28.24,53.67,300,cool,keep
20.9,51.23,318,off,keep
30.58,42.69,869,cool,lower
26.83,43.64,594,cool,keep
30.74,63.87,134,cool,raise
12.84,51.46,180,heat,raise
11.57,46.19,66,heat,raise
23.88,42.06,206,off,raise
15.97,53.56,232,heat,raise
14.08,70.86,466,heat,keep
27.27,61.94,760,cool,lower
19.83,52.44,901,off,lower
12.6,60.76,523,heat,keep
28.77,74.99,791,cool,lower
17.47,62.14,667,heat,keep
14.72,58.66,294,heat,raise
23.5,63.85,639,off,keep
15.4,52.88,296,heat,raise
14.39,59.01,321,heat,keep
22.96,47.79,1023,off,lower
19.05,31.18,940,off,lower
15.36,60.39,635,heat,keep
19.13,58.28,597,off,keep
27.07,52.29,754,cool,lower
19.17,69.71,805,off,lower
15.48,41.87,76,heat,raise
21.43,29.35,373,off,keep
25.49,45.57,82,off,raise
26.78,30.17,536,off,keep
16.56,61.32,290,heat,raise
19.98,44.99,335,off,lower
14.33,73.72,825,heat,raise
26.36,68.99,231,cool,raise
16.3,41.02,864,heat,lower
21.63,41.66,451,off,lower
14.17,64.0,216,heat,raise
21.65,69.69,204,off,raise
16.18,26.79,724,heat,keep
27.1,58.36,911,cool,lower
15.12,22.98,898,heat,lower
15.1,46.3,187,heat,raise
22.14,67.72,896,off,lower
32.52,95.0,200,cool,raise
16.32,47.92,482,heat,keep
25.49,35.97,4,off,raise
27.62,47.01,238,heat,raise
19.04,55.97,286,off,raise
26.07,45.04,1023,cool,lower
34.56,41.2,304,cool,keep
19.08,49.32,296,off,raise
23.58,60.72,276,cool,raise
19.13,57.69,275,off,raise
